Item Name;Variant Name;Ingredient Name;Ingredient Quantity;Ingredient Unit;Ingredient Stock Alert
Box P50;Box P50;Box P50;1.00;pieces (pcs);
Gift Atomizer Marketing;Baccarat Rouge 540;Oil Bro;5.00;millilitre (ml);
;;ALKOHOL;5.00;millilitre (ml);
;;Atomizer;1.00;pieces (pcs);
;;Spray Refill Atomizer;1.00;pieces (pcs);
Gift Atomizer Marketing;Black Opium;ALKOHOL;5.00;millilitre (ml);
;;Oil Bop;5.00;millilitre (ml);
;;Atomizer;1.00;pieces (pcs);
;;Spray Refill Atomizer;1.00;pieces (pcs);
Gift Atomizer Marketing;Black Opium Men;ALKOHOL;5.00;millilitre (ml);
;;Oil Bom;5.00;millilitre (ml);
;;Atomizer;1.00;pieces (pcs);
;;Spray Refill Atomizer;1.00;pieces (pcs);
Gift Atomizer Marketing;Black Opium Over Red;ALKOHOL;5.00;millilitre (ml);
;;Oil Bopr;5.00;millilitre (ml);
;;Atomizer;1.00;pieces (pcs);
;;Spray Refill Atomizer;1.00;pieces (pcs);
Gift Atomizer Marketing;Bleu De;ALKOHOL;5.00;millilitre (ml);
;;Oil Bleu;5.00;millilitre (ml);
;;Atomizer;1.00;pieces (pcs);
;;Spray Refill Atomizer;1.00;pieces (pcs);
Gift Atomizer Marketing;Bloom;ALKOHOL;5.00;millilitre (ml);
;;Oil Bloom;5.00;millilitre (ml);
;;Atomizer;1.00;pieces (pcs);
;;Spray Refill Atomizer;1.00;pieces (pcs);
Gift Atomizer Marketing;Blooming Bouquet;ALKOHOL;5.00;millilitre (ml);
;;Oil Bouq;5.00;millilitre (ml);
;;Atomizer;1.00;pieces (pcs);
;;Spray Refill Atomizer;1.00;pieces (pcs);
Gift Atomizer Marketing;Blue Emotion;ALKOHOL;5.00;millilitre (ml);
;;Oil Abe;5.00;millilitre (ml);
;;Atomizer;1.00;pieces (pcs);
;;Spray Refill Atomizer;1.00;pieces (pcs);
Gift Atomizer Marketing;Blue Seduction;ALKOHOL;5.00;millilitre (ml);
;;Atomizer;1.00;pieces (pcs);
;;Spray Refill Atomizer;1.00;pieces (pcs);
;;Oil Bs;5.00;millilitre (ml);
Gift Atomizer Marketing;Bombshell;Oil Vb;5.00;millilitre (ml);
;;ALKOHOL;5.00;millilitre (ml);
;;Atomizer;1.00;pieces (pcs);
;;Spray Refill Atomizer;1.00;pieces (pcs);
Gift Atomizer Marketing;Bombshell Escape;ALKOHOL;5.00;millilitre (ml);
;;Oil Vbs;5.00;millilitre (ml);
;;Atomizer;1.00;pieces (pcs);
;;Spray Refill Atomizer;1.00;pieces (pcs);
Gift Atomizer Marketing;Born In Roma;ALKOHOL;5.00;millilitre (ml);
;;Oil Bir;5.00;millilitre (ml);
;;Atomizer;1.00;pieces (pcs);
;;Spray Refill Atomizer;1.00;pieces (pcs);
Gift Atomizer Marketing;Bubble Bath;ALKOHOL;5.00;millilitre (ml);
;;Oil Bath;5.00;millilitre (ml);
;;Atomizer;1.00;pieces (pcs);
;;Spray Refill Atomizer;1.00;pieces (pcs);
Gift Atomizer Marketing;Cloud Pink;ALKOHOL;5.00;millilitre (ml);
;;Atomizer;1.00;pieces (pcs);
;;Spray Refill Atomizer;1.00;pieces (pcs);
;;Oil Cloud;5.00;millilitre (ml);
Gift Atomizer Marketing;Coconut Passion;Oil Vsc;5.00;millilitre (ml);
;;ALKOHOL;5.00;millilitre (ml);
;;Atomizer;1.00;pieces (pcs);
;;Spray Refill Atomizer;1.00;pieces (pcs);
Gift Atomizer Marketing;Coffee Break;ALKOHOL;5.00;millilitre (ml);
;;Oil Break;5.00;millilitre (ml);
;;Atomizer;1.00;pieces (pcs);
;;Spray Refill Atomizer;1.00;pieces (pcs);
Gift Atomizer Marketing;Desire Blue;ALKOHOL;5.00;millilitre (ml);
;;Atomizer;1.00;pieces (pcs);
;;Spray Refill Atomizer;1.00;pieces (pcs);
;;Oil Ddb;5.00;millilitre (ml);
Gift Atomizer Marketing;Eden Sparkling Lychee;ALKOHOL;5.00;millilitre (ml);
;;Oil Eden;5.00;millilitre (ml);
;;Atomizer;1.00;pieces (pcs);
;;Spray Refill Atomizer;1.00;pieces (pcs);
Gift Atomizer Marketing;Eros;Oil Eros;5.00;millilitre (ml);
;;ALKOHOL;5.00;millilitre (ml);
;;Atomizer;1.00;pieces (pcs);
;;Spray Refill Atomizer;1.00;pieces (pcs);
Gift Atomizer Marketing;Eros Flame;ALKOHOL;5.00;millilitre (ml);
;;Atomizer;1.00;pieces (pcs);
;;Spray Refill Atomizer;1.00;pieces (pcs);
;;Oil Erosf;5.00;millilitre (ml);
Gift Atomizer Marketing;Euphoria;ALKOHOL;5.00;millilitre (ml);
;;Atomizer;1.00;pieces (pcs);
;;Spray Refill Atomizer;1.00;pieces (pcs);
;;Oil Ria;5.00;millilitre (ml);
Gift Atomizer Marketing;Fame;ALKOHOL;5.00;millilitre (ml);
;;Atomizer;1.00;pieces (pcs);
;;Spray Refill Atomizer;1.00;pieces (pcs);
;;Oil Fame;5.00;millilitre (ml);
Gift Atomizer Marketing;Goddes;ALKOHOL;5.00;millilitre (ml);
;;Atomizer;1.00;pieces (pcs);
;;Spray Refill Atomizer;1.00;pieces (pcs);
;;Oil Des;5.00;millilitre (ml);
Gift Atomizer Marketing;Good Girl;ALKOHOL;5.00;millilitre (ml);
;;Atomizer;1.00;pieces (pcs);
;;Spray Refill Atomizer;1.00;pieces (pcs);
;;Oil Gg;5.00;millilitre (ml);
Gift Atomizer Marketing;Good Girl Blush;ALKOHOL;5.00;millilitre (ml);
;;Atomizer;1.00;pieces (pcs);
;;Spray Refill Atomizer;1.00;pieces (pcs);
;;Oil Ggb;5.00;millilitre (ml);
Gift Atomizer Marketing;Halowen Man X;ALKOHOL;5.00;millilitre (ml);
;;Atomizer;1.00;pieces (pcs);
;;Spray Refill Atomizer;1.00;pieces (pcs);
;;Oil Manx;5.00;millilitre (ml);
Gift Atomizer Marketing;Her;ALKOHOL;5.00;millilitre (ml);
;;Atomizer;1.00;pieces (pcs);
;;Spray Refill Atomizer;1.00;pieces (pcs);
;;Oil Her;5.00;millilitre (ml);
Gift Atomizer Marketing;Hero;ALKOHOL;5.00;millilitre (ml);
;;Atomizer;1.00;pieces (pcs);
;;Spray Refill Atomizer;1.00;pieces (pcs);
;;Oil Hero;5.00;millilitre (ml);
Gift Atomizer Marketing;Her Ultimate;ALKOHOL;5.00;millilitre (ml);
;;Oil Heru;5.00;millilitre (ml);
;;Atomizer;1.00;pieces (pcs);
;;Spray Refill Atomizer;1.00;pieces (pcs);
Gift Atomizer Marketing;Idole Nectar;Oil Idol;5.00;millilitre (ml);
;;ALKOHOL;5.00;millilitre (ml);
;;Atomizer;1.00;pieces (pcs);
;;Spray Refill Atomizer;1.00;pieces (pcs);
Gift Atomizer Marketing;La Vie Est Belle;ALKOHOL;5.00;millilitre (ml);
;;Atomizer;1.00;pieces (pcs);
;;Spray Refill Atomizer;1.00;pieces (pcs);
;;Oil Vie;5.00;millilitre (ml);
Gift Atomizer Marketing;Libre;ALKOHOL;5.00;millilitre (ml);
;;Oil Lib;5.00;millilitre (ml);
;;Atomizer;1.00;pieces (pcs);
;;Spray Refill Atomizer;1.00;pieces (pcs);
Gift Atomizer Marketing;Miss D;ALKOHOL;5.00;millilitre (ml);
;;Atomizer;1.00;pieces (pcs);
;;Spray Refill Atomizer;1.00;pieces (pcs);
;;Oil Miss;5.00;millilitre (ml);
Gift Atomizer Marketing;Myslf;ALKOHOL;5.00;millilitre (ml);
;;Oil Msf;5.00;millilitre (ml);
;;Atomizer;1.00;pieces (pcs);
;;Spray Refill Atomizer;1.00;pieces (pcs);
Gift Atomizer Marketing;My Way;ALKOHOL;5.00;millilitre (ml);
;;Atomizer;1.00;pieces (pcs);
;;Spray Refill Atomizer;1.00;pieces (pcs);
;;Oil Way;5.00;millilitre (ml);
Gift Atomizer Marketing;My Way Nectar;ALKOHOL;5.00;millilitre (ml);
;;Oil Nect;5.00;millilitre (ml);
;;Atomizer;1.00;pieces (pcs);
;;Spray Refill Atomizer;1.00;pieces (pcs);
Gift Atomizer Marketing;Noble;ALKOHOL;5.00;millilitre (ml);
;;Atomizer;1.00;pieces (pcs);
;;Spray Refill Atomizer;1.00;pieces (pcs);
;;Oil Noble;5.00;millilitre (ml);
Gift Atomizer Marketing;Omnia Amethyste;ALKOHOL;5.00;millilitre (ml);
;;Oil Boa;5.00;millilitre (ml);
;;Atomizer;1.00;pieces (pcs);
;;Spray Refill Atomizer;1.00;pieces (pcs);
Gift Atomizer Marketing;One Million Lucky;ALKOHOL;5.00;millilitre (ml);
;;Atomizer;1.00;pieces (pcs);
;;Spray Refill Atomizer;1.00;pieces (pcs);
;;Oil One;5.00;millilitre (ml);
Gift Atomizer Marketing;One Million Royal;ALKOHOL;5.00;millilitre (ml);
;;Atomizer;1.00;pieces (pcs);
;;Spray Refill Atomizer;1.00;pieces (pcs);
;;Oil Oner;5.00;millilitre (ml);
Gift Atomizer Marketing;Perfect;ALKOHOL;5.00;millilitre (ml);
;;Oil Mj;5.00;millilitre (ml);
;;Atomizer;1.00;pieces (pcs);
;;Spray Refill Atomizer;1.00;pieces (pcs);
Gift Atomizer Marketing;Santal 33;ALKOHOL;5.00;millilitre (ml);
;;Atomizer;1.00;pieces (pcs);
;;Spray Refill Atomizer;1.00;pieces (pcs);
;;Oil Sant;5.00;millilitre (ml);
Gift Atomizer Marketing;Sauvage;Oil Svg;5.00;millilitre (ml);
;;ALKOHOL;5.00;millilitre (ml);
;;Atomizer;1.00;pieces (pcs);
;;Spray Refill Atomizer;1.00;pieces (pcs);
Gift Atomizer Marketing;Scandal;ALKOHOL;5.00;millilitre (ml);
;;Atomizer;1.00;pieces (pcs);
;;Spray Refill Atomizer;1.00;pieces (pcs);
;;Oil Jps;5.00;millilitre (ml);
Gift Atomizer Marketing;Scandal Men;Oil Jpm;5.00;millilitre (ml);
;;ALKOHOL;5.00;millilitre (ml);
;;Atomizer;1.00;pieces (pcs);
;;Spray Refill Atomizer;1.00;pieces (pcs);
Gift Atomizer Marketing;Scandalous;ALKOHOL;5.00;millilitre (ml);
;;Atomizer;1.00;pieces (pcs);
;;Spray Refill Atomizer;1.00;pieces (pcs);
;;Oil Scn;5.00;millilitre (ml);
Gift Atomizer Marketing;Scarlet Poppy;ALKOHOL;5.00;millilitre (ml);
;;Oil Popy;5.00;millilitre (ml);
;;Atomizer;1.00;pieces (pcs);
;;Spray Refill Atomizer;1.00;pieces (pcs);
Gift Atomizer Marketing;Si Fiori;Oil Sif;5.00;millilitre (ml);
;;ALKOHOL;5.00;millilitre (ml);
;;Atomizer;1.00;pieces (pcs);
;;Spray Refill Atomizer;1.00;pieces (pcs);
Gift Atomizer Marketing;The Most Wanted;Oil Want;5.00;millilitre (ml);
;;ALKOHOL;5.00;millilitre (ml);
;;Atomizer;1.00;pieces (pcs);
;;Spray Refill Atomizer;1.00;pieces (pcs);
Gift Atomizer Marketing;Vanilla Candy Rock Sugar;Oil Rock;5.00;millilitre (ml);
;;ALKOHOL;5.00;millilitre (ml);
;;Atomizer;1.00;pieces (pcs);
;;Spray Refill Atomizer;1.00;pieces (pcs);
Gift Atomizer Marketing;Vanilla Rose;ALKOHOL;5.00;millilitre (ml);
;;Atomizer;1.00;pieces (pcs);
;;Spray Refill Atomizer;1.00;pieces (pcs);
;;Oil Mvr;5.00;millilitre (ml);
Gift Atomizer Marketing;White Musk;ALKOHOL;5.00;millilitre (ml);
;;Atomizer;1.00;pieces (pcs);
;;Spray Refill Atomizer;1.00;pieces (pcs);
;;Oil Musk;5.00;millilitre (ml);
Gift Atomizer Marketing;Wood Sage & Sea Salt;Oil Jmw;5.00;millilitre (ml);
;;ALKOHOL;5.00;millilitre (ml);
;;Atomizer;1.00;pieces (pcs);
;;Spray Refill Atomizer;1.00;pieces (pcs);
Gift Atomizer Marketing;Y;ALKOHOL;5.00;millilitre (ml);
;;Oil Y;5.00;millilitre (ml);
;;Atomizer;1.00;pieces (pcs);
;;Spray Refill Atomizer;1.00;pieces (pcs);
Gift P10;Her;P10 HER;1.00;pieces (pcs);
Gift P10;One Million Lucky;P10 ONE;1.00;pieces (pcs);
Gift P10;Santal 33;P10 SANT;1.00;pieces (pcs);
Gift P10;Scandalous;P10 SCN;1.00;pieces (pcs);
Gift P10;Si Fiori;P10 SIF;1.00;pieces (pcs);
Gift P50 Reguler;Baccarat Rouge 540;Oil Bro;18.00;millilitre (ml);
;;Ring Spray Semipress;1.00;pieces (pcs);
;;ALKOHOL;32.00;millilitre (ml);
;;BOTOL MERAH;1.00;pieces (pcs);
;;TUTUP MERAH GOLD;1.00;pieces (pcs);
Gift P50 Reguler;Black Opium;TUTUP BURGUNDY GOLD;1.00;pieces (pcs);
;;Ring Spray Semipress;1.00;pieces (pcs);
;;ALKOHOL;32.00;millilitre (ml);
;;BOTOL BURGUNDY;1.00;pieces (pcs);
;;Oil Bop;18.00;millilitre (ml);
Gift P50 Reguler;Black Opium Men;TUTUP HITAM MATTE;1.00;pieces (pcs);
;;Ring Spray Semipress;1.00;pieces (pcs);
;;ALKOHOL;32.00;millilitre (ml);
;;Oil Bom;18.00;millilitre (ml);
;;BOTOL HITAM MATTE;1.00;pieces (pcs);
Gift P50 Reguler;Black Opium Over Red;TUTUP BURGUNDY GOLD;1.00;pieces (pcs);
;;Ring Spray Semipress;1.00;pieces (pcs);
;;ALKOHOL;32.00;millilitre (ml);
;;BOTOL BURGUNDY;1.00;pieces (pcs);
;;Oil Bopr;18.00;millilitre (ml);
Gift P50 Reguler;Bleu De;Ring Spray Semipress;1.00;pieces (pcs);
;;ALKOHOL;32.00;millilitre (ml);
;;Oil Bleu;18.00;millilitre (ml);
;;BOTOL BIRU CLEAR;1.00;pieces (pcs);
;;TUTUP BIRU GOLD;1.00;pieces (pcs);
Gift P50 Reguler;Bloom;Ring Spray Semipress;1.00;pieces (pcs);
;;ALKOHOL;32.00;millilitre (ml);
;;Oil Bloom;18.00;millilitre (ml);
;;BOTOL BENING;1.00;pieces (pcs);
;;TUTUP PUTIH GOLD;1.00;pieces (pcs);
Gift P50 Reguler;Blooming Bouquet;Ring Spray Semipress;1.00;pieces (pcs);
;;ALKOHOL;32.00;millilitre (ml);
;;TUTUP GREEN GOLD;1.00;pieces (pcs);
;;BOTOL GREEN;1.00;pieces (pcs);
;;Oil Bouq;18.00;millilitre (ml);
Gift P50 Reguler;Blue Emotion;Ring Spray Semipress;1.00;pieces (pcs);
;;ALKOHOL;32.00;millilitre (ml);
;;Oil Abe;18.00;millilitre (ml);
;;BOTOL BIRU CLEAR;1.00;pieces (pcs);
;;TUTUP BIRU GOLD;1.00;pieces (pcs);
Gift P50 Reguler;Blue Seduction;Ring Spray Semipress;1.00;pieces (pcs);
;;ALKOHOL;32.00;millilitre (ml);
;;BOTOL BIRU CLEAR;1.00;pieces (pcs);
;;TUTUP BIRU GOLD;1.00;pieces (pcs);
;;Oil Bs;18.00;millilitre (ml);
Gift P50 Reguler;Bombshell;BOTOL PINK MATTE;1.00;pieces (pcs);
;;Ring Spray Semipress;1.00;pieces (pcs);
;;Oil Vb;18.00;millilitre (ml);
;;ALKOHOL;32.00;millilitre (ml);
;;TUTUP PINK BLACK;1.00;pieces (pcs);
Gift P50 Reguler;Bombshell Escape;Ring Spray Semipress;1.00;pieces (pcs);
;;ALKOHOL;32.00;millilitre (ml);
;;TUTUP GREEN GOLD;1.00;pieces (pcs);
;;BOTOL GREEN;1.00;pieces (pcs);
;;Oil Vbs;18.00;millilitre (ml);
Gift P50 Reguler;Born In Roma;Ring Spray Semipress;1.00;pieces (pcs);
;;ALKOHOL;32.00;millilitre (ml);
;;Oil Bir;18.00;millilitre (ml);
;;BOTOL BIRU CLEAR;1.00;pieces (pcs);
;;TUTUP BIRU GOLD;1.00;pieces (pcs);
Gift P50 Reguler;Bubble Bath;Ring Spray Semipress;1.00;pieces (pcs);
;;ALKOHOL;32.00;millilitre (ml);
;;Oil Bath;18.00;millilitre (ml);
;;BOTOL BENING;1.00;pieces (pcs);
;;TUTUP PUTIH GOLD;1.00;pieces (pcs);
Gift P50 Reguler;Cloud Pink;BOTOL PINK MATTE;1.00;pieces (pcs);
;;Ring Spray Semipress;1.00;pieces (pcs);
;;ALKOHOL;32.00;millilitre (ml);
;;TUTUP PINK BLACK;1.00;pieces (pcs);
;;Oil Cloud;18.00;millilitre (ml);
Gift P50 Reguler;Coconut Passion;TUTUP BURGUNDY GOLD;1.00;pieces (pcs);
;;Oil Vsc;18.00;millilitre (ml);
;;Ring Spray Semipress;1.00;pieces (pcs);
;;ALKOHOL;32.00;millilitre (ml);
;;BOTOL BURGUNDY;1.00;pieces (pcs);
Gift P50 Reguler;Coffee Break;TUTUP BURGUNDY GOLD;1.00;pieces (pcs);
;;Ring Spray Semipress;1.00;pieces (pcs);
;;ALKOHOL;32.00;millilitre (ml);
;;BOTOL BURGUNDY;1.00;pieces (pcs);
;;Oil Break;18.00;millilitre (ml);
Gift P50 Reguler;Desire Blue;Ring Spray Semipress;1.00;pieces (pcs);
;;ALKOHOL;32.00;millilitre (ml);
;;BOTOL BIRU CLEAR;1.00;pieces (pcs);
;;TUTUP BIRU GOLD;1.00;pieces (pcs);
;;Oil Ddb;18.00;millilitre (ml);
Gift P50 Reguler;Eden Sparkling Lychee;BOTOL PINK MATTE;1.00;pieces (pcs);
;;Ring Spray Semipress;1.00;pieces (pcs);
;;ALKOHOL;32.00;millilitre (ml);
;;Oil Eden;18.00;millilitre (ml);
;;TUTUP PINK BLACK;1.00;pieces (pcs);
Gift P50 Reguler;Eros;Oil Eros;18.00;millilitre (ml);
;;Ring Spray Semipress;1.00;pieces (pcs);
;;ALKOHOL;32.00;millilitre (ml);
;;TUTUP COKLAT MUDA;1.00;pieces (pcs);
;;BOTOL COKLAT MUDA;1.00;pieces (pcs);
Gift P50 Reguler;Eros Flame;Ring Spray Semipress;1.00;pieces (pcs);
;;ALKOHOL;32.00;millilitre (ml);
;;TUTUP COKLAT MUDA;1.00;pieces (pcs);
;;BOTOL COKLAT MUDA;1.00;pieces (pcs);
;;Oil Erosf;18.00;millilitre (ml);
Gift P50 Reguler;Euphoria;Ring Spray Semipress;1.00;pieces (pcs);
;;ALKOHOL;32.00;millilitre (ml);
;;TUTUP GREEN GOLD;1.00;pieces (pcs);
;;BOTOL GREEN;1.00;pieces (pcs);
;;Oil Ria;18.00;millilitre (ml);
Gift P50 Reguler;Fame;TUTUP BURGUNDY GOLD;1.00;pieces (pcs);
;;Ring Spray Semipress;1.00;pieces (pcs);
;;ALKOHOL;32.00;millilitre (ml);
;;BOTOL BURGUNDY;1.00;pieces (pcs);
;;Oil Fame;18.00;millilitre (ml);
Gift P50 Reguler;Goddes;TUTUP BURGUNDY GOLD;1.00;pieces (pcs);
;;Ring Spray Semipress;1.00;pieces (pcs);
;;ALKOHOL;32.00;millilitre (ml);
;;BOTOL BURGUNDY;1.00;pieces (pcs);
;;Oil Des;18.00;millilitre (ml);
Gift P50 Reguler;Good Girl;Ring Spray Semipress;1.00;pieces (pcs);
;;ALKOHOL;32.00;millilitre (ml);
;;BOTOL MERAH;1.00;pieces (pcs);
;;TUTUP MERAH GOLD;1.00;pieces (pcs);
;;Oil Gg;18.00;millilitre (ml);
Gift P50 Reguler;Good Girl Blush;Ring Spray Semipress;1.00;pieces (pcs);
;;ALKOHOL;32.00;millilitre (ml);
;;TUTUP UNGU GOLD;1.00;pieces (pcs);
;;BOTOL UNGU;1.00;pieces (pcs);
;;Oil Ggb;18.00;millilitre (ml);
Gift P50 Reguler;Halowen Man X;TUTUP HITAM MATTE;1.00;pieces (pcs);
;;Ring Spray Semipress;1.00;pieces (pcs);
;;ALKOHOL;32.00;millilitre (ml);
;;Oil Manx;18.00;millilitre (ml);
;;BOTOL HITAM MATTE;1.00;pieces (pcs);
Gift P50 Reguler;Her;Ring Spray Semipress;1.00;pieces (pcs);
;;ALKOHOL;32.00;millilitre (ml);
;;Oil Her;18.00;millilitre (ml);
;;BOTOL DARK PINK;1.00;pieces (pcs);
;;TUTUP DARK PINK GOLD;1.00;pieces (pcs);
Gift P50 Reguler;Hero;Ring Spray Semipress;1.00;pieces (pcs);
;;ALKOHOL;32.00;millilitre (ml);
;;TUTUP COKLAT MUDA;1.00;pieces (pcs);
;;BOTOL COKLAT MUDA;1.00;pieces (pcs);
;;Oil Hero;18.00;millilitre (ml);
Gift P50 Reguler;Her Ultimate;Ring Spray Semipress;1.00;pieces (pcs);
;;ALKOHOL;32.00;millilitre (ml);
;;Oil Heru;18.00;millilitre (ml);
;;BOTOL DARK PINK;1.00;pieces (pcs);
;;TUTUP DARK PINK GOLD;1.00;pieces (pcs);
Gift P50 Reguler;Idole Nectar;Oil Idol;18.00;millilitre (ml);
;;Ring Spray Semipress;1.00;pieces (pcs);
;;ALKOHOL;32.00;millilitre (ml);
;;TUTUP UNGU GOLD;1.00;pieces (pcs);
;;BOTOL UNGU;1.00;pieces (pcs);
Gift P50 Reguler;La Vie Est Belle;TUTUP BURGUNDY GOLD;1.00;pieces (pcs);
;;Ring Spray Semipress;1.00;pieces (pcs);
;;ALKOHOL;32.00;millilitre (ml);
;;BOTOL BURGUNDY;1.00;pieces (pcs);
;;Oil Vie;18.00;millilitre (ml);
Gift P50 Reguler;Libre;Ring Spray Semipress;1.00;pieces (pcs);
;;ALKOHOL;32.00;millilitre (ml);
;;Oil Lib;18.00;millilitre (ml);
;;BOTOL BENING;1.00;pieces (pcs);
;;TUTUP PUTIH GOLD;1.00;pieces (pcs);
Gift P50 Reguler;Miss D;Ring Spray Semipress;1.00;pieces (pcs);
;;ALKOHOL;32.00;millilitre (ml);
;;BOTOL MERAH;1.00;pieces (pcs);
;;TUTUP MERAH GOLD;1.00;pieces (pcs);
;;Oil Miss;18.00;millilitre (ml);
Gift P50 Reguler;Myslf;TUTUP HITAM MATTE;1.00;pieces (pcs);
;;Ring Spray Semipress;1.00;pieces (pcs);
;;ALKOHOL;32.00;millilitre (ml);
;;Oil Msf;18.00;millilitre (ml);
;;BOTOL HITAM MATTE;1.00;pieces (pcs);
Gift P50 Reguler;My Way;Ring Spray Semipress;1.00;pieces (pcs);
;;ALKOHOL;32.00;millilitre (ml);
;;Oil Way;18.00;millilitre (ml);
;;BOTOL BENING;1.00;pieces (pcs);
;;TUTUP PUTIH GOLD;1.00;pieces (pcs);
Gift P50 Reguler;My Way Nectar;Ring Spray Semipress;1.00;pieces (pcs);
;;ALKOHOL;32.00;millilitre (ml);
;;Oil Nect;18.00;millilitre (ml);
;;BOTOL BENING;1.00;pieces (pcs);
;;TUTUP PUTIH GOLD;1.00;pieces (pcs);
Gift P50 Reguler;Noble;Ring Spray Semipress;1.00;pieces (pcs);
;;ALKOHOL;32.00;millilitre (ml);
;;TUTUP GREEN GOLD;1.00;pieces (pcs);
;;BOTOL GREEN;1.00;pieces (pcs);
;;Oil Noble;18.00;millilitre (ml);
Gift P50 Reguler;Omnia Amethyste;Ring Spray Semipress;1.00;pieces (pcs);
;;ALKOHOL;32.00;millilitre (ml);
;;Oil Boa;18.00;millilitre (ml);
;;TUTUP UNGU GOLD;1.00;pieces (pcs);
;;BOTOL UNGU;1.00;pieces (pcs);
Gift P50 Reguler;One Million Lucky;Ring Spray Semipress;1.00;pieces (pcs);
;;ALKOHOL;32.00;millilitre (ml);
;;TUTUP COKLAT MUDA;1.00;pieces (pcs);
;;BOTOL COKLAT MUDA;1.00;pieces (pcs);
;;Oil One;18.00;millilitre (ml);
Gift P50 Reguler;One Million Royal;Ring Spray Semipress;1.00;pieces (pcs);
;;ALKOHOL;32.00;millilitre (ml);
;;TUTUP COKLAT MUDA;1.00;pieces (pcs);
;;BOTOL COKLAT MUDA;1.00;pieces (pcs);
;;Oil Oner;18.00;millilitre (ml);
Gift P50 Reguler;Perfect;Ring Spray Semipress;1.00;pieces (pcs);
;;ALKOHOL;32.00;millilitre (ml);
;;Oil Mj;18.00;millilitre (ml);
;;TUTUP GREEN GOLD;1.00;pieces (pcs);
;;BOTOL GREEN;1.00;pieces (pcs);
Gift P50 Reguler;Santal 33;Ring Spray Semipress;1.00;pieces (pcs);
;;ALKOHOL;32.00;millilitre (ml);
;;BOTOL ABU ABU CLEAR;1.00;pieces (pcs);
;;TUTUP ABU ABU SILVER;1.00;pieces (pcs);
;;Oil Sant;18.00;millilitre (ml);
Gift P50 Reguler;Sauvage;Oil Svg;18.00;millilitre (ml);
;;Ring Spray Semipress;1.00;pieces (pcs);
;;ALKOHOL;32.00;millilitre (ml);
;;TUTUP COKLAT MUDA;1.00;pieces (pcs);
;;BOTOL COKLAT MUDA;1.00;pieces (pcs);
Gift P50 Reguler;Scandal;Ring Spray Semipress;1.00;pieces (pcs);
;;ALKOHOL;32.00;millilitre (ml);
;;BOTOL MERAH;1.00;pieces (pcs);
;;TUTUP MERAH GOLD;1.00;pieces (pcs);
;;Oil Jps;18.00;millilitre (ml);
Gift P50 Reguler;Scandal Men;TUTUP HITAM MATTE;1.00;pieces (pcs);
;;Ring Spray Semipress;1.00;pieces (pcs);
;;Oil Jpm;18.00;millilitre (ml);
;;ALKOHOL;32.00;millilitre (ml);
;;BOTOL HITAM MATTE;1.00;pieces (pcs);
Gift P50 Reguler;Scandalous;Ring Spray Semipress;1.00;pieces (pcs);
;;ALKOHOL;32.00;millilitre (ml);
;;Oil Scn;18.00;millilitre (ml);
;;BOTOL MERAH;1.00;pieces (pcs);
;;TUTUP MERAH GOLD;1.00;pieces (pcs);
Gift P50 Reguler;Scarlet Poppy;BOTOL PINK MATTE;1.00;pieces (pcs);
;;Ring Spray Semipress;1.00;pieces (pcs);
;;ALKOHOL;32.00;millilitre (ml);
;;Oil Popy;18.00;millilitre (ml);
;;TUTUP PINK BLACK;1.00;pieces (pcs);
Gift P50 Reguler;Si Fiori;Oil Sif;18.00;millilitre (ml);
;;TUTUP BURGUNDY GOLD;1.00;pieces (pcs);
;;Ring Spray Semipress;1.00;pieces (pcs);
;;ALKOHOL;32.00;millilitre (ml);
;;BOTOL BURGUNDY;1.00;pieces (pcs);
Gift P50 Reguler;The Most Wanted;TUTUP HITAM MATTE;1.00;pieces (pcs);
;;Oil Want;18.00;millilitre (ml);
;;Ring Spray Semipress;1.00;pieces (pcs);
;;ALKOHOL;32.00;millilitre (ml);
;;BOTOL HITAM MATTE;1.00;pieces (pcs);
Gift P50 Reguler;Vanilla Candy Rock Sugar;Oil Rock;18.00;millilitre (ml);
;;TUTUP BURGUNDY GOLD;1.00;pieces (pcs);
;;Ring Spray Semipress;1.00;pieces (pcs);
;;ALKOHOL;32.00;millilitre (ml);
;;BOTOL BURGUNDY;1.00;pieces (pcs);
Gift P50 Reguler;Vanilla Rose;Ring Spray Semipress;1.00;pieces (pcs);
;;ALKOHOL;32.00;millilitre (ml);
;;BOTOL MERAH;1.00;pieces (pcs);
;;TUTUP MERAH GOLD;1.00;pieces (pcs);
;;Oil Mvr;18.00;millilitre (ml);
Gift P50 Reguler;White Musk;Ring Spray Semipress;1.00;pieces (pcs);
;;ALKOHOL;32.00;millilitre (ml);
;;BOTOL BENING;1.00;pieces (pcs);
;;TUTUP PUTIH GOLD;1.00;pieces (pcs);
;;Oil Musk;18.00;millilitre (ml);
Gift P50 Reguler;Wood Sage & Sea Salt;Oil Jmw;18.00;millilitre (ml);
;;Ring Spray Semipress;1.00;pieces (pcs);
;;ALKOHOL;32.00;millilitre (ml);
;;BOTOL BIRU CLEAR;1.00;pieces (pcs);
;;TUTUP BIRU GOLD;1.00;pieces (pcs);
Gift P50 Reguler;Y;Ring Spray Semipress;1.00;pieces (pcs);
;;ALKOHOL;32.00;millilitre (ml);
;;Oil Y;18.00;millilitre (ml);
;;BOTOL BIRU CLEAR;1.00;pieces (pcs);
;;TUTUP BIRU GOLD;1.00;pieces (pcs);
Luxury Fragrance 50ml;Baccarat Rouge 540;Oil Bro;18.00;millilitre (ml);
;;Ring Spray Semipress;1.00;pieces (pcs);
;;ALKOHOL;32.00;millilitre (ml);
;;BOTOL MERAH;1.00;pieces (pcs);
;;TUTUP MERAH GOLD;1.00;pieces (pcs);
Luxury Fragrance 50ml;Black Opium;TUTUP BURGUNDY GOLD;1.00;pieces (pcs);
;;Ring Spray Semipress;1.00;pieces (pcs);
;;ALKOHOL;32.00;millilitre (ml);
;;BOTOL BURGUNDY;1.00;pieces (pcs);
;;Oil Bop;18.00;millilitre (ml);
Luxury Fragrance 50ml;Black Opium Men;TUTUP HITAM MATTE;1.00;pieces (pcs);
;;Ring Spray Semipress;1.00;pieces (pcs);
;;ALKOHOL;32.00;millilitre (ml);
;;Oil Bom;18.00;millilitre (ml);
;;BOTOL HITAM MATTE;1.00;pieces (pcs);
Luxury Fragrance 50ml;Black Opium Over Red;TUTUP BURGUNDY GOLD;1.00;pieces (pcs);
;;Ring Spray Semipress;1.00;pieces (pcs);
;;ALKOHOL;32.00;millilitre (ml);
;;BOTOL BURGUNDY;1.00;pieces (pcs);
;;Oil Bopr;18.00;millilitre (ml);
Luxury Fragrance 50ml;Bleu De;Ring Spray Semipress;1.00;pieces (pcs);
;;ALKOHOL;32.00;millilitre (ml);
;;Oil Bleu;18.00;millilitre (ml);
;;BOTOL BIRU CLEAR;1.00;pieces (pcs);
;;TUTUP BIRU GOLD;1.00;pieces (pcs);
Luxury Fragrance 50ml;Bloom;Ring Spray Semipress;1.00;pieces (pcs);
;;ALKOHOL;32.00;millilitre (ml);
;;Oil Bloom;18.00;millilitre (ml);
;;BOTOL BENING;1.00;pieces (pcs);
;;TUTUP PUTIH GOLD;1.00;pieces (pcs);
Luxury Fragrance 50ml;Blooming Bouquet;Ring Spray Semipress;1.00;pieces (pcs);
;;ALKOHOL;32.00;millilitre (ml);
;;TUTUP GREEN GOLD;1.00;pieces (pcs);
;;BOTOL GREEN;1.00;pieces (pcs);
;;Oil Bouq;18.00;millilitre (ml);
Luxury Fragrance 50ml;Blue Emotion;Ring Spray Semipress;1.00;pieces (pcs);
;;ALKOHOL;32.00;millilitre (ml);
;;Oil Abe;18.00;millilitre (ml);
;;BOTOL BIRU CLEAR;1.00;pieces (pcs);
;;TUTUP BIRU GOLD;1.00;pieces (pcs);
Luxury Fragrance 50ml;Blue Seduction;Ring Spray Semipress;1.00;pieces (pcs);
;;ALKOHOL;32.00;millilitre (ml);
;;BOTOL BIRU CLEAR;1.00;pieces (pcs);
;;TUTUP BIRU GOLD;1.00;pieces (pcs);
;;Oil Bs;18.00;millilitre (ml);
Luxury Fragrance 50ml;Bombshell;BOTOL PINK MATTE;1.00;pieces (pcs);
;;Ring Spray Semipress;1.00;pieces (pcs);
;;Oil Vb;18.00;millilitre (ml);
;;ALKOHOL;32.00;millilitre (ml);
;;TUTUP PINK BLACK;1.00;pieces (pcs);
Luxury Fragrance 50ml;Bombshell Escape;Ring Spray Semipress;1.00;pieces (pcs);
;;ALKOHOL;32.00;millilitre (ml);
;;TUTUP GREEN GOLD;1.00;pieces (pcs);
;;BOTOL GREEN;1.00;pieces (pcs);
;;Oil Vbs;18.00;millilitre (ml);
Luxury Fragrance 50ml;Born In Roma;Ring Spray Semipress;1.00;pieces (pcs);
;;ALKOHOL;32.00;millilitre (ml);
;;Oil Bir;18.00;millilitre (ml);
;;BOTOL BIRU CLEAR;1.00;pieces (pcs);
;;TUTUP BIRU GOLD;1.00;pieces (pcs);
Luxury Fragrance 50ml;Bubble Bath;Ring Spray Semipress;1.00;pieces (pcs);
;;ALKOHOL;32.00;millilitre (ml);
;;Oil Bath;18.00;millilitre (ml);
;;BOTOL BENING;1.00;pieces (pcs);
;;TUTUP PUTIH GOLD;1.00;pieces (pcs);
Luxury Fragrance 50ml;Cloud Pink;BOTOL PINK MATTE;1.00;pieces (pcs);
;;Ring Spray Semipress;1.00;pieces (pcs);
;;ALKOHOL;32.00;millilitre (ml);
;;TUTUP PINK BLACK;1.00;pieces (pcs);
;;Oil Cloud;18.00;millilitre (ml);
Luxury Fragrance 50ml;Coconut Passion;TUTUP BURGUNDY GOLD;1.00;pieces (pcs);
;;Oil Vsc;18.00;millilitre (ml);
;;Ring Spray Semipress;1.00;pieces (pcs);
;;ALKOHOL;32.00;millilitre (ml);
;;BOTOL BURGUNDY;1.00;pieces (pcs);
Luxury Fragrance 50ml;Coffee Break;TUTUP BURGUNDY GOLD;1.00;pieces (pcs);
;;Ring Spray Semipress;1.00;pieces (pcs);
;;ALKOHOL;32.00;millilitre (ml);
;;BOTOL BURGUNDY;1.00;pieces (pcs);
;;Oil Break;18.00;millilitre (ml);
Luxury Fragrance 50ml;Desire Blue;Ring Spray Semipress;1.00;pieces (pcs);
;;ALKOHOL;32.00;millilitre (ml);
;;BOTOL BIRU CLEAR;1.00;pieces (pcs);
;;TUTUP BIRU GOLD;1.00;pieces (pcs);
;;Oil Ddb;18.00;millilitre (ml);
Luxury Fragrance 50ml;Eden Sparkling Lychee;BOTOL PINK MATTE;1.00;pieces (pcs);
;;Ring Spray Semipress;1.00;pieces (pcs);
;;ALKOHOL;32.00;millilitre (ml);
;;Oil Eden;18.00;millilitre (ml);
;;TUTUP PINK BLACK;1.00;pieces (pcs);
Luxury Fragrance 50ml;Eros;Oil Eros;18.00;millilitre (ml);
;;Ring Spray Semipress;1.00;pieces (pcs);
;;ALKOHOL;32.00;millilitre (ml);
;;TUTUP COKLAT MUDA;1.00;pieces (pcs);
;;BOTOL COKLAT MUDA;1.00;pieces (pcs);
Luxury Fragrance 50ml;Eros Flame;Ring Spray Semipress;1.00;pieces (pcs);
;;ALKOHOL;32.00;millilitre (ml);
;;TUTUP COKLAT MUDA;1.00;pieces (pcs);
;;BOTOL COKLAT MUDA;1.00;pieces (pcs);
;;Oil Erosf;18.00;millilitre (ml);
Luxury Fragrance 50ml;Euphoria;Ring Spray Semipress;1.00;pieces (pcs);
;;ALKOHOL;32.00;millilitre (ml);
;;TUTUP GREEN GOLD;1.00;pieces (pcs);
;;BOTOL GREEN;1.00;pieces (pcs);
;;Oil Ria;18.00;millilitre (ml);
Luxury Fragrance 50ml;Fame;TUTUP BURGUNDY GOLD;1.00;pieces (pcs);
;;Ring Spray Semipress;1.00;pieces (pcs);
;;ALKOHOL;32.00;millilitre (ml);
;;BOTOL BURGUNDY;1.00;pieces (pcs);
;;Oil Fame;18.00;millilitre (ml);
Luxury Fragrance 50ml;Goddess;TUTUP BURGUNDY GOLD;1.00;pieces (pcs);
;;Ring Spray Semipress;1.00;pieces (pcs);
;;ALKOHOL;32.00;millilitre (ml);
;;BOTOL BURGUNDY;1.00;pieces (pcs);
;;Oil Des;18.00;millilitre (ml);
Luxury Fragrance 50ml;Good Girl;Ring Spray Semipress;1.00;pieces (pcs);
;;ALKOHOL;32.00;millilitre (ml);
;;BOTOL MERAH;1.00;pieces (pcs);
;;TUTUP MERAH GOLD;1.00;pieces (pcs);
;;Oil Gg;18.00;millilitre (ml);
Luxury Fragrance 50ml;Good Girl Blush;Ring Spray Semipress;1.00;pieces (pcs);
;;ALKOHOL;32.00;millilitre (ml);
;;TUTUP UNGU GOLD;1.00;pieces (pcs);
;;BOTOL UNGU;1.00;pieces (pcs);
;;Oil Ggb;18.00;millilitre (ml);
Luxury Fragrance 50ml;Halowen Man X;TUTUP HITAM MATTE;1.00;pieces (pcs);
;;Ring Spray Semipress;1.00;pieces (pcs);
;;ALKOHOL;32.00;millilitre (ml);
;;Oil Manx;18.00;millilitre (ml);
;;BOTOL HITAM MATTE;1.00;pieces (pcs);
Luxury Fragrance 50ml;Her;Ring Spray Semipress;1.00;pieces (pcs);
;;ALKOHOL;32.00;millilitre (ml);
;;Oil Her;18.00;millilitre (ml);
;;BOTOL DARK PINK;1.00;pieces (pcs);
;;TUTUP DARK PINK GOLD;1.00;pieces (pcs);
Luxury Fragrance 50ml;Hero;Ring Spray Semipress;1.00;pieces (pcs);
;;ALKOHOL;32.00;millilitre (ml);
;;TUTUP COKLAT MUDA;1.00;pieces (pcs);
;;BOTOL COKLAT MUDA;1.00;pieces (pcs);
;;Oil Hero;18.00;millilitre (ml);
Luxury Fragrance 50ml;Her Ultimate;Ring Spray Semipress;1.00;pieces (pcs);
;;ALKOHOL;32.00;millilitre (ml);
;;Oil Heru;18.00;millilitre (ml);
;;BOTOL DARK PINK;1.00;pieces (pcs);
;;TUTUP DARK PINK GOLD;1.00;pieces (pcs);
Luxury Fragrance 50ml;Idole Nectar;Oil Idol;18.00;millilitre (ml);
;;Ring Spray Semipress;1.00;pieces (pcs);
;;ALKOHOL;32.00;millilitre (ml);
;;TUTUP UNGU GOLD;1.00;pieces (pcs);
;;BOTOL UNGU;1.00;pieces (pcs);
Luxury Fragrance 50ml;La Vie Est Belle;TUTUP BURGUNDY GOLD;1.00;pieces (pcs);
;;Ring Spray Semipress;1.00;pieces (pcs);
;;ALKOHOL;32.00;millilitre (ml);
;;BOTOL BURGUNDY;1.00;pieces (pcs);
;;Oil Vie;18.00;millilitre (ml);
Luxury Fragrance 50ml;Libre;Ring Spray Semipress;1.00;pieces (pcs);
;;ALKOHOL;32.00;millilitre (ml);
;;Oil Lib;18.00;millilitre (ml);
;;BOTOL BENING;1.00;pieces (pcs);
;;TUTUP PUTIH GOLD;1.00;pieces (pcs);
Luxury Fragrance 50ml;Miss D;Ring Spray Semipress;1.00;pieces (pcs);
;;ALKOHOL;32.00;millilitre (ml);
;;BOTOL MERAH;1.00;pieces (pcs);
;;TUTUP MERAH GOLD;1.00;pieces (pcs);
;;Oil Miss;18.00;millilitre (ml);
Luxury Fragrance 50ml;Myslf;TUTUP HITAM MATTE;1.00;pieces (pcs);
;;Ring Spray Semipress;1.00;pieces (pcs);
;;ALKOHOL;32.00;millilitre (ml);
;;Oil Msf;18.00;millilitre (ml);
;;BOTOL HITAM MATTE;1.00;pieces (pcs);
Luxury Fragrance 50ml;My Way;Ring Spray Semipress;1.00;pieces (pcs);
;;ALKOHOL;32.00;millilitre (ml);
;;Oil Way;18.00;millilitre (ml);
;;BOTOL BENING;1.00;pieces (pcs);
;;TUTUP PUTIH GOLD;1.00;pieces (pcs);
Luxury Fragrance 50ml;My Way Nectar;Ring Spray Semipress;1.00;pieces (pcs);
;;ALKOHOL;32.00;millilitre (ml);
;;Oil Nect;18.00;millilitre (ml);
;;BOTOL BENING;1.00;pieces (pcs);
;;TUTUP PUTIH GOLD;1.00;pieces (pcs);
Luxury Fragrance 50ml;Noble;Ring Spray Semipress;1.00;pieces (pcs);
;;ALKOHOL;32.00;millilitre (ml);
;;TUTUP GREEN GOLD;1.00;pieces (pcs);
;;BOTOL GREEN;1.00;pieces (pcs);
;;Oil Noble;18.00;millilitre (ml);
Luxury Fragrance 50ml;Omnia Amethyste;Ring Spray Semipress;1.00;pieces (pcs);
;;ALKOHOL;32.00;millilitre (ml);
;;Oil Boa;18.00;millilitre (ml);
;;TUTUP UNGU GOLD;1.00;pieces (pcs);
;;BOTOL UNGU;1.00;pieces (pcs);
Luxury Fragrance 50ml;One Million Lucky;Ring Spray Semipress;1.00;pieces (pcs);
;;ALKOHOL;32.00;millilitre (ml);
;;TUTUP COKLAT MUDA;1.00;pieces (pcs);
;;BOTOL COKLAT MUDA;1.00;pieces (pcs);
;;Oil One;18.00;millilitre (ml);
Luxury Fragrance 50ml;One Million Royal;Ring Spray Semipress;1.00;pieces (pcs);
;;ALKOHOL;32.00;millilitre (ml);
;;TUTUP COKLAT MUDA;1.00;pieces (pcs);
;;BOTOL COKLAT MUDA;1.00;pieces (pcs);
;;Oil Oner;18.00;millilitre (ml);
Luxury Fragrance 50ml;Perfect;Ring Spray Semipress;1.00;pieces (pcs);
;;ALKOHOL;32.00;millilitre (ml);
;;Oil Mj;18.00;millilitre (ml);
;;TUTUP GREEN GOLD;1.00;pieces (pcs);
;;BOTOL GREEN;1.00;pieces (pcs);
Luxury Fragrance 50ml;Santal 33;Ring Spray Semipress;1.00;pieces (pcs);
;;ALKOHOL;32.00;millilitre (ml);
;;BOTOL ABU ABU CLEAR;1.00;pieces (pcs);
;;TUTUP ABU ABU SILVER;1.00;pieces (pcs);
;;Oil Sant;18.00;millilitre (ml);
Luxury Fragrance 50ml;Sauvage;Oil Svg;18.00;millilitre (ml);
;;Ring Spray Semipress;1.00;pieces (pcs);
;;ALKOHOL;32.00;millilitre (ml);
;;TUTUP COKLAT MUDA;1.00;pieces (pcs);
;;BOTOL COKLAT MUDA;1.00;pieces (pcs);
Luxury Fragrance 50ml;Scandal;Ring Spray Semipress;1.00;pieces (pcs);
;;ALKOHOL;32.00;millilitre (ml);
;;BOTOL MERAH;1.00;pieces (pcs);
;;TUTUP MERAH GOLD;1.00;pieces (pcs);
;;Oil Jps;18.00;millilitre (ml);
Luxury Fragrance 50ml;Scandal Men;TUTUP HITAM MATTE;1.00;pieces (pcs);
;;Ring Spray Semipress;1.00;pieces (pcs);
;;Oil Jpm;18.00;millilitre (ml);
;;ALKOHOL;32.00;millilitre (ml);
;;BOTOL HITAM MATTE;1.00;pieces (pcs);
Luxury Fragrance 50ml;Scandalous;Ring Spray Semipress;1.00;pieces (pcs);
;;ALKOHOL;32.00;millilitre (ml);
;;Oil Scn;18.00;millilitre (ml);
;;BOTOL MERAH;1.00;pieces (pcs);
;;TUTUP MERAH GOLD;1.00;pieces (pcs);
Luxury Fragrance 50ml;Scarlet Poppy;BOTOL PINK MATTE;1.00;pieces (pcs);
;;Ring Spray Semipress;1.00;pieces (pcs);
;;ALKOHOL;32.00;millilitre (ml);
;;Oil Popy;18.00;millilitre (ml);
;;TUTUP PINK BLACK;1.00;pieces (pcs);
Luxury Fragrance 50ml;Si Fiori;Oil Sif;18.00;millilitre (ml);
;;TUTUP BURGUNDY GOLD;1.00;pieces (pcs);
;;Ring Spray Semipress;1.00;pieces (pcs);
;;ALKOHOL;32.00;millilitre (ml);
;;BOTOL BURGUNDY;1.00;pieces (pcs);
Luxury Fragrance 50ml;The Most Wanted;TUTUP HITAM MATTE;1.00;pieces (pcs);
;;Oil Want;18.00;millilitre (ml);
;;Ring Spray Semipress;1.00;pieces (pcs);
;;ALKOHOL;32.00;millilitre (ml);
;;BOTOL HITAM MATTE;1.00;pieces (pcs);
Luxury Fragrance 50ml;Vanilla Candy Rock Sugar;Oil Rock;18.00;millilitre (ml);
;;TUTUP BURGUNDY GOLD;1.00;pieces (pcs);
;;Ring Spray Semipress;1.00;pieces (pcs);
;;ALKOHOL;32.00;millilitre (ml);
;;BOTOL BURGUNDY;1.00;pieces (pcs);
Luxury Fragrance 50ml;Vanilla Rose ;Ring Spray Semipress;1.00;pieces (pcs);
;;ALKOHOL;32.00;millilitre (ml);
;;BOTOL MERAH;1.00;pieces (pcs);
;;TUTUP MERAH GOLD;1.00;pieces (pcs);
;;Oil Mvr;18.00;millilitre (ml);
Luxury Fragrance 50ml;White Musk;Ring Spray Semipress;1.00;pieces (pcs);
;;ALKOHOL;32.00;millilitre (ml);
;;BOTOL BENING;1.00;pieces (pcs);
;;TUTUP PUTIH GOLD;1.00;pieces (pcs);
;;Oil Musk;18.00;millilitre (ml);
Luxury Fragrance 50ml;Wood Sage & Sea Salt;Oil Jmw;18.00;millilitre (ml);
;;Ring Spray Semipress;1.00;pieces (pcs);
;;ALKOHOL;32.00;millilitre (ml);
;;BOTOL BIRU CLEAR;1.00;pieces (pcs);
;;TUTUP BIRU GOLD;1.00;pieces (pcs);
Luxury Fragrance 50ml;Y;Ring Spray Semipress;1.00;pieces (pcs);
;;ALKOHOL;32.00;millilitre (ml);
;;Oil Y;18.00;millilitre (ml);
;;BOTOL BIRU CLEAR;1.00;pieces (pcs);
;;TUTUP BIRU GOLD;1.00;pieces (pcs);
Luxury Fragrance 50ml Intense;Baccarat Rouge 540;Oil Bro;25.00;millilitre (ml);
;;Ring Spray Semipress;1.00;pieces (pcs);
;;ALKOHOL;25.00;millilitre (ml);
;;BOTOL MERAH;1.00;pieces (pcs);
;;TUTUP MERAH GOLD;1.00;pieces (pcs);
Luxury Fragrance 50ml Intense;Black Opium;TUTUP BURGUNDY GOLD;1.00;pieces (pcs);
;;Ring Spray Semipress;1.00;pieces (pcs);
;;ALKOHOL;25.00;millilitre (ml);
;;BOTOL BURGUNDY;1.00;pieces (pcs);
;;Oil Bop;25.00;millilitre (ml);
Luxury Fragrance 50ml Intense;Black Opium Men;TUTUP HITAM MATTE;1.00;pieces (pcs);
;;Ring Spray Semipress;1.00;pieces (pcs);
;;ALKOHOL;25.00;millilitre (ml);
;;Oil Bom;25.00;millilitre (ml);
;;BOTOL HITAM MATTE;1.00;pieces (pcs);
Luxury Fragrance 50ml Intense;Black Opium Over Red;TUTUP BURGUNDY GOLD;1.00;pieces (pcs);
;;Ring Spray Semipress;1.00;pieces (pcs);
;;ALKOHOL;25.00;millilitre (ml);
;;BOTOL BURGUNDY;1.00;pieces (pcs);
;;Oil Bopr;25.00;millilitre (ml);
Luxury Fragrance 50ml Intense;Bleu De;Ring Spray Semipress;1.00;pieces (pcs);
;;ALKOHOL;25.00;millilitre (ml);
;;Oil Bleu;25.00;millilitre (ml);
;;BOTOL BIRU CLEAR;1.00;pieces (pcs);
;;TUTUP BIRU GOLD;1.00;pieces (pcs);
Luxury Fragrance 50ml Intense;Bloom;Ring Spray Semipress;1.00;pieces (pcs);
;;ALKOHOL;25.00;millilitre (ml);
;;Oil Bloom;25.00;millilitre (ml);
;;BOTOL BENING;1.00;pieces (pcs);
;;TUTUP PUTIH GOLD;1.00;pieces (pcs);
Luxury Fragrance 50ml Intense;Blooming Bouquet;Ring Spray Semipress;1.00;pieces (pcs);
;;ALKOHOL;25.00;millilitre (ml);
;;TUTUP GREEN GOLD;1.00;pieces (pcs);
;;BOTOL GREEN;1.00;pieces (pcs);
;;Oil Bouq;25.00;millilitre (ml);
Luxury Fragrance 50ml Intense;Blue Emotion;Ring Spray Semipress;1.00;pieces (pcs);
;;ALKOHOL;25.00;millilitre (ml);
;;Oil Abe;25.00;millilitre (ml);
;;BOTOL BIRU CLEAR;1.00;pieces (pcs);
;;TUTUP BIRU GOLD;1.00;pieces (pcs);
Luxury Fragrance 50ml Intense;Blue Seduction;Ring Spray Semipress;1.00;pieces (pcs);
;;ALKOHOL;25.00;millilitre (ml);
;;BOTOL BIRU CLEAR;1.00;pieces (pcs);
;;TUTUP BIRU GOLD;1.00;pieces (pcs);
;;Oil Bs;25.00;millilitre (ml);
Luxury Fragrance 50ml Intense;Bombshell;BOTOL PINK MATTE;1.00;pieces (pcs);
;;Ring Spray Semipress;1.00;pieces (pcs);
;;Oil Vb;25.00;millilitre (ml);
;;ALKOHOL;25.00;millilitre (ml);
;;TUTUP PINK BLACK;1.00;pieces (pcs);
Luxury Fragrance 50ml Intense;Bombshell Escape;Ring Spray Semipress;1.00;pieces (pcs);
;;ALKOHOL;25.00;millilitre (ml);
;;TUTUP GREEN GOLD;1.00;pieces (pcs);
;;BOTOL GREEN;1.00;pieces (pcs);
;;Oil Vbs;25.00;millilitre (ml);
Luxury Fragrance 50ml Intense;Born In Roma;Ring Spray Semipress;1.00;pieces (pcs);
;;ALKOHOL;25.00;millilitre (ml);
;;Oil Bir;25.00;millilitre (ml);
;;BOTOL BIRU CLEAR;1.00;pieces (pcs);
;;TUTUP BIRU GOLD;1.00;pieces (pcs);
Luxury Fragrance 50ml Intense;Bubble Bath;Ring Spray Semipress;1.00;pieces (pcs);
;;ALKOHOL;25.00;millilitre (ml);
;;Oil Bath;25.00;millilitre (ml);
;;BOTOL BENING;1.00;pieces (pcs);
;;TUTUP PUTIH GOLD;1.00;pieces (pcs);
Luxury Fragrance 50ml Intense;Cloud Pink;BOTOL PINK MATTE;1.00;pieces (pcs);
;;Ring Spray Semipress;1.00;pieces (pcs);
;;ALKOHOL;25.00;millilitre (ml);
;;TUTUP PINK BLACK;1.00;pieces (pcs);
;;Oil Cloud;25.00;millilitre (ml);
Luxury Fragrance 50ml Intense;Coconut Passion;TUTUP BURGUNDY GOLD;1.00;pieces (pcs);
;;Oil Vsc;25.00;millilitre (ml);
;;Ring Spray Semipress;1.00;pieces (pcs);
;;ALKOHOL;25.00;millilitre (ml);
;;BOTOL BURGUNDY;1.00;pieces (pcs);
Luxury Fragrance 50ml Intense;Coffee Break;TUTUP BURGUNDY GOLD;1.00;pieces (pcs);
;;Ring Spray Semipress;1.00;pieces (pcs);
;;ALKOHOL;25.00;millilitre (ml);
;;BOTOL BURGUNDY;1.00;pieces (pcs);
;;Oil Break;25.00;millilitre (ml);
Luxury Fragrance 50ml Intense;Desire Blue;Ring Spray Semipress;1.00;pieces (pcs);
;;ALKOHOL;25.00;millilitre (ml);
;;BOTOL BIRU CLEAR;1.00;pieces (pcs);
;;TUTUP BIRU GOLD;1.00;pieces (pcs);
;;Oil Ddb;25.00;millilitre (ml);
Luxury Fragrance 50ml Intense;Eden Sparkling Lychee;BOTOL PINK MATTE;1.00;pieces (pcs);
;;Ring Spray Semipress;1.00;pieces (pcs);
;;ALKOHOL;25.00;millilitre (ml);
;;Oil Eden;25.00;millilitre (ml);
;;TUTUP PINK BLACK;1.00;pieces (pcs);
Luxury Fragrance 50ml Intense;Eros;Oil Eros;25.00;millilitre (ml);
;;Ring Spray Semipress;1.00;pieces (pcs);
;;ALKOHOL;25.00;millilitre (ml);
;;TUTUP COKLAT MUDA;1.00;pieces (pcs);
;;BOTOL COKLAT MUDA;1.00;pieces (pcs);
Luxury Fragrance 50ml Intense;Eros Flame;Ring Spray Semipress;1.00;pieces (pcs);
;;ALKOHOL;25.00;millilitre (ml);
;;TUTUP COKLAT MUDA;1.00;pieces (pcs);
;;BOTOL COKLAT MUDA;1.00;pieces (pcs);
;;Oil Erosf;25.00;millilitre (ml);
Luxury Fragrance 50ml Intense;Euphoria;Ring Spray Semipress;1.00;pieces (pcs);
;;ALKOHOL;25.00;millilitre (ml);
;;TUTUP GREEN GOLD;1.00;pieces (pcs);
;;BOTOL GREEN;1.00;pieces (pcs);
;;Oil Ria;25.00;millilitre (ml);
Luxury Fragrance 50ml Intense;Fame;TUTUP BURGUNDY GOLD;1.00;pieces (pcs);
;;Ring Spray Semipress;1.00;pieces (pcs);
;;ALKOHOL;25.00;millilitre (ml);
;;BOTOL BURGUNDY;1.00;pieces (pcs);
;;Oil Fame;25.00;millilitre (ml);
Luxury Fragrance 50ml Intense;Goddess;TUTUP BURGUNDY GOLD;1.00;pieces (pcs);
;;Ring Spray Semipress;1.00;pieces (pcs);
;;ALKOHOL;25.00;millilitre (ml);
;;BOTOL BURGUNDY;1.00;pieces (pcs);
;;Oil Des;25.00;millilitre (ml);
Luxury Fragrance 50ml Intense;Good Girl;Ring Spray Semipress;1.00;pieces (pcs);
;;ALKOHOL;25.00;millilitre (ml);
;;BOTOL MERAH;1.00;pieces (pcs);
;;TUTUP MERAH GOLD;1.00;pieces (pcs);
;;Oil Gg;25.00;millilitre (ml);
Luxury Fragrance 50ml Intense;Good Girl Blush;Ring Spray Semipress;1.00;pieces (pcs);
;;ALKOHOL;25.00;millilitre (ml);
;;TUTUP UNGU GOLD;1.00;pieces (pcs);
;;BOTOL UNGU;1.00;pieces (pcs);
;;Oil Ggb;25.00;millilitre (ml);
Luxury Fragrance 50ml Intense;Halowen Man X;TUTUP HITAM MATTE;1.00;pieces (pcs);
;;Ring Spray Semipress;1.00;pieces (pcs);
;;ALKOHOL;25.00;millilitre (ml);
;;Oil Manx;25.00;millilitre (ml);
;;BOTOL HITAM MATTE;1.00;pieces (pcs);
Luxury Fragrance 50ml Intense;Her;Ring Spray Semipress;1.00;pieces (pcs);
;;ALKOHOL;25.00;millilitre (ml);
;;Oil Her;25.00;millilitre (ml);
;;BOTOL DARK PINK;1.00;pieces (pcs);
;;TUTUP DARK PINK GOLD;1.00;pieces (pcs);
Luxury Fragrance 50ml Intense;Hero;Ring Spray Semipress;1.00;pieces (pcs);
;;ALKOHOL;25.00;millilitre (ml);
;;TUTUP COKLAT MUDA;1.00;pieces (pcs);
;;BOTOL COKLAT MUDA;1.00;pieces (pcs);
;;Oil Hero;25.00;millilitre (ml);
Luxury Fragrance 50ml Intense;Her Ultimate;Ring Spray Semipress;1.00;pieces (pcs);
;;ALKOHOL;25.00;millilitre (ml);
;;Oil Heru;25.00;millilitre (ml);
;;BOTOL DARK PINK;1.00;pieces (pcs);
;;TUTUP DARK PINK GOLD;1.00;pieces (pcs);
Luxury Fragrance 50ml Intense;Idole Nectar;Oil Idol;25.00;millilitre (ml);
;;Ring Spray Semipress;1.00;pieces (pcs);
;;ALKOHOL;25.00;millilitre (ml);
;;TUTUP UNGU GOLD;1.00;pieces (pcs);
;;BOTOL UNGU;1.00;pieces (pcs);
Luxury Fragrance 50ml Intense;La Vie Est Belle;TUTUP BURGUNDY GOLD;1.00;pieces (pcs);
;;Ring Spray Semipress;1.00;pieces (pcs);
;;ALKOHOL;25.00;millilitre (ml);
;;BOTOL BURGUNDY;1.00;pieces (pcs);
;;Oil Vie;25.00;millilitre (ml);
Luxury Fragrance 50ml Intense;Libre;Ring Spray Semipress;1.00;pieces (pcs);
;;ALKOHOL;25.00;millilitre (ml);
;;Oil Lib;25.00;millilitre (ml);
;;BOTOL BENING;1.00;pieces (pcs);
;;TUTUP PUTIH GOLD;1.00;pieces (pcs);
Luxury Fragrance 50ml Intense;Miss D;Ring Spray Semipress;1.00;pieces (pcs);
;;ALKOHOL;25.00;millilitre (ml);
;;BOTOL MERAH;1.00;pieces (pcs);
;;TUTUP MERAH GOLD;1.00;pieces (pcs);
;;Oil Miss;25.00;millilitre (ml);
Luxury Fragrance 50ml Intense;Myslf;TUTUP HITAM MATTE;1.00;pieces (pcs);
;;Ring Spray Semipress;1.00;pieces (pcs);
;;ALKOHOL;25.00;millilitre (ml);
;;Oil Msf;25.00;millilitre (ml);
;;BOTOL HITAM MATTE;1.00;pieces (pcs);
Luxury Fragrance 50ml Intense;My Way;Ring Spray Semipress;1.00;pieces (pcs);
;;ALKOHOL;25.00;millilitre (ml);
;;Oil Way;25.00;millilitre (ml);
;;BOTOL BENING;1.00;pieces (pcs);
;;TUTUP PUTIH GOLD;1.00;pieces (pcs);
Luxury Fragrance 50ml Intense;My Way Nectar;Ring Spray Semipress;1.00;pieces (pcs);
;;ALKOHOL;25.00;millilitre (ml);
;;Oil Nect;25.00;millilitre (ml);
;;BOTOL BENING;1.00;pieces (pcs);
;;TUTUP PUTIH GOLD;1.00;pieces (pcs);
Luxury Fragrance 50ml Intense;Noble;Ring Spray Semipress;1.00;pieces (pcs);
;;ALKOHOL;25.00;millilitre (ml);
;;TUTUP GREEN GOLD;1.00;pieces (pcs);
;;BOTOL GREEN;1.00;pieces (pcs);
;;Oil Noble;25.00;millilitre (ml);
Luxury Fragrance 50ml Intense;Omnia Amethyste;Ring Spray Semipress;1.00;pieces (pcs);
;;ALKOHOL;25.00;millilitre (ml);
;;Oil Boa;25.00;millilitre (ml);
;;TUTUP UNGU GOLD;1.00;pieces (pcs);
;;BOTOL UNGU;1.00;pieces (pcs);
Luxury Fragrance 50ml Intense;One Million Lucky;Ring Spray Semipress;1.00;pieces (pcs);
;;ALKOHOL;25.00;millilitre (ml);
;;TUTUP COKLAT MUDA;1.00;pieces (pcs);
;;BOTOL COKLAT MUDA;1.00;pieces (pcs);
;;Oil One;25.00;millilitre (ml);
Luxury Fragrance 50ml Intense;One Million Royal;Ring Spray Semipress;1.00;pieces (pcs);
;;ALKOHOL;25.00;millilitre (ml);
;;TUTUP COKLAT MUDA;1.00;pieces (pcs);
;;BOTOL COKLAT MUDA;1.00;pieces (pcs);
;;Oil Oner;25.00;millilitre (ml);
Luxury Fragrance 50ml Intense;Perfect;Ring Spray Semipress;1.00;pieces (pcs);
;;ALKOHOL;25.00;millilitre (ml);
;;Oil Mj;25.00;millilitre (ml);
;;TUTUP GREEN GOLD;1.00;pieces (pcs);
;;BOTOL GREEN;1.00;pieces (pcs);
Luxury Fragrance 50ml Intense;Santal 33;Ring Spray Semipress;1.00;pieces (pcs);
;;ALKOHOL;25.00;millilitre (ml);
;;BOTOL ABU ABU CLEAR;1.00;pieces (pcs);
;;TUTUP ABU ABU SILVER;1.00;pieces (pcs);
;;Oil Sant;25.00;millilitre (ml);
Luxury Fragrance 50ml Intense;Sauvage;Oil Svg;25.00;millilitre (ml);
;;Ring Spray Semipress;1.00;pieces (pcs);
;;ALKOHOL;25.00;millilitre (ml);
;;TUTUP COKLAT MUDA;1.00;pieces (pcs);
;;BOTOL COKLAT MUDA;1.00;pieces (pcs);
Luxury Fragrance 50ml Intense;Scandal;Ring Spray Semipress;1.00;pieces (pcs);
;;ALKOHOL;25.00;millilitre (ml);
;;BOTOL MERAH;1.00;pieces (pcs);
;;TUTUP MERAH GOLD;1.00;pieces (pcs);
;;Oil Jps;25.00;millilitre (ml);
Luxury Fragrance 50ml Intense;Scandal Men;TUTUP HITAM MATTE;1.00;pieces (pcs);
;;Ring Spray Semipress;1.00;pieces (pcs);
;;Oil Jpm;25.00;millilitre (ml);
;;ALKOHOL;25.00;millilitre (ml);
;;BOTOL HITAM MATTE;1.00;pieces (pcs);
Luxury Fragrance 50ml Intense;Scandalous;Ring Spray Semipress;1.00;pieces (pcs);
;;ALKOHOL;25.00;millilitre (ml);
;;Oil Scn;25.00;millilitre (ml);
;;BOTOL MERAH;1.00;pieces (pcs);
;;TUTUP MERAH GOLD;1.00;pieces (pcs);
Luxury Fragrance 50ml Intense;Scarlet Poppy;BOTOL PINK MATTE;1.00;pieces (pcs);
;;Ring Spray Semipress;1.00;pieces (pcs);
;;ALKOHOL;25.00;millilitre (ml);
;;Oil Popy;25.00;millilitre (ml);
;;TUTUP PINK BLACK;1.00;pieces (pcs);
Luxury Fragrance 50ml Intense;Si Fiori;Oil Sif;25.00;millilitre (ml);
;;TUTUP BURGUNDY GOLD;1.00;pieces (pcs);
;;Ring Spray Semipress;1.00;pieces (pcs);
;;ALKOHOL;25.00;millilitre (ml);
;;BOTOL BURGUNDY;1.00;pieces (pcs);
Luxury Fragrance 50ml Intense;The Most Wanted;TUTUP HITAM MATTE;1.00;pieces (pcs);
;;Oil Want;25.00;millilitre (ml);
;;Ring Spray Semipress;1.00;pieces (pcs);
;;ALKOHOL;25.00;millilitre (ml);
;;BOTOL HITAM MATTE;1.00;pieces (pcs);
Luxury Fragrance 50ml Intense;Vanilla Candy Rock Sugar;Oil Rock;25.00;millilitre (ml);
;;TUTUP BURGUNDY GOLD;1.00;pieces (pcs);
;;Ring Spray Semipress;1.00;pieces (pcs);
;;ALKOHOL;25.00;millilitre (ml);
;;BOTOL BURGUNDY;1.00;pieces (pcs);
Luxury Fragrance 50ml Intense;Vanilla Rose ;Ring Spray Semipress;1.00;pieces (pcs);
;;ALKOHOL;25.00;millilitre (ml);
;;BOTOL MERAH;1.00;pieces (pcs);
;;TUTUP MERAH GOLD;1.00;pieces (pcs);
;;Oil Mvr;25.00;millilitre (ml);
Luxury Fragrance 50ml Intense;White Musk;Ring Spray Semipress;1.00;pieces (pcs);
;;ALKOHOL;25.00;millilitre (ml);
;;BOTOL BENING;1.00;pieces (pcs);
;;TUTUP PUTIH GOLD;1.00;pieces (pcs);
;;Oil Musk;25.00;millilitre (ml);
Luxury Fragrance 50ml Intense;Wood Sage & Sea Salt;Oil Jmw;25.00;millilitre (ml);
;;Ring Spray Semipress;1.00;pieces (pcs);
;;ALKOHOL;25.00;millilitre (ml);
;;BOTOL BIRU CLEAR;1.00;pieces (pcs);
;;TUTUP BIRU GOLD;1.00;pieces (pcs);
Luxury Fragrance 50ml Intense;Y;Ring Spray Semipress;1.00;pieces (pcs);
;;ALKOHOL;25.00;millilitre (ml);
;;Oil Y;25.00;millilitre (ml);
;;BOTOL BIRU CLEAR;1.00;pieces (pcs);
;;TUTUP BIRU GOLD;1.00;pieces (pcs);
Luxury Fragrance 50ml Very Intense;Baccarat Rouge 540;Oil Bro;32.00;millilitre (ml);
;;Ring Spray Semipress;1.00;pieces (pcs);
;;ALKOHOL;18.00;millilitre (ml);
;;BOTOL MERAH;1.00;pieces (pcs);
;;TUTUP MERAH GOLD;1.00;pieces (pcs);
Luxury Fragrance 50ml Very Intense;Black Opium;TUTUP BURGUNDY GOLD;1.00;pieces (pcs);
;;Ring Spray Semipress;1.00;pieces (pcs);
;;ALKOHOL;18.00;millilitre (ml);
;;BOTOL BURGUNDY;1.00;pieces (pcs);
;;Oil Bop;32.00;millilitre (ml);
Luxury Fragrance 50ml Very Intense;Black Opium Men;TUTUP HITAM MATTE;1.00;pieces (pcs);
;;Ring Spray Semipress;1.00;pieces (pcs);
;;ALKOHOL;18.00;millilitre (ml);
;;Oil Bom;32.00;millilitre (ml);
;;BOTOL HITAM MATTE;1.00;pieces (pcs);
Luxury Fragrance 50ml Very Intense;Black Opium Over Red;TUTUP BURGUNDY GOLD;1.00;pieces (pcs);
;;Ring Spray Semipress;1.00;pieces (pcs);
;;ALKOHOL;18.00;millilitre (ml);
;;BOTOL BURGUNDY;1.00;pieces (pcs);
;;Oil Bopr;32.00;millilitre (ml);
Luxury Fragrance 50ml Very Intense;Bleu De;Ring Spray Semipress;1.00;pieces (pcs);
;;ALKOHOL;18.00;millilitre (ml);
;;Oil Bleu;32.00;millilitre (ml);
;;BOTOL BIRU CLEAR;1.00;pieces (pcs);
;;TUTUP BIRU GOLD;1.00;pieces (pcs);
Luxury Fragrance 50ml Very Intense;Bloom;Ring Spray Semipress;1.00;pieces (pcs);
;;ALKOHOL;18.00;millilitre (ml);
;;Oil Bloom;32.00;millilitre (ml);
;;BOTOL BENING;1.00;pieces (pcs);
;;TUTUP PUTIH GOLD;1.00;pieces (pcs);
Luxury Fragrance 50ml Very Intense;Blooming Bouquet;Ring Spray Semipress;1.00;pieces (pcs);
;;ALKOHOL;18.00;millilitre (ml);
;;TUTUP GREEN GOLD;1.00;pieces (pcs);
;;BOTOL GREEN;1.00;pieces (pcs);
;;Oil Bouq;32.00;millilitre (ml);
Luxury Fragrance 50ml Very Intense;Blue Emotion;Ring Spray Semipress;1.00;pieces (pcs);
;;ALKOHOL;18.00;millilitre (ml);
;;Oil Abe;32.00;millilitre (ml);
;;BOTOL BIRU CLEAR;1.00;pieces (pcs);
;;TUTUP BIRU GOLD;1.00;pieces (pcs);
Luxury Fragrance 50ml Very Intense;Blue Seduction;Ring Spray Semipress;1.00;pieces (pcs);
;;ALKOHOL;18.00;millilitre (ml);
;;BOTOL BIRU CLEAR;1.00;pieces (pcs);
;;TUTUP BIRU GOLD;1.00;pieces (pcs);
;;Oil Bs;32.00;millilitre (ml);
Luxury Fragrance 50ml Very Intense;Bombshell;BOTOL PINK MATTE;1.00;pieces (pcs);
;;Ring Spray Semipress;1.00;pieces (pcs);
;;Oil Vb;32.00;millilitre (ml);
;;ALKOHOL;18.00;millilitre (ml);
;;TUTUP PINK BLACK;1.00;pieces (pcs);
Luxury Fragrance 50ml Very Intense;Bombshell Escape;Ring Spray Semipress;1.00;pieces (pcs);
;;ALKOHOL;18.00;millilitre (ml);
;;TUTUP GREEN GOLD;1.00;pieces (pcs);
;;BOTOL GREEN;1.00;pieces (pcs);
;;Oil Vbs;32.00;millilitre (ml);
Luxury Fragrance 50ml Very Intense;Born In Roma;Ring Spray Semipress;1.00;pieces (pcs);
;;ALKOHOL;18.00;millilitre (ml);
;;Oil Bir;32.00;millilitre (ml);
;;BOTOL BIRU CLEAR;1.00;pieces (pcs);
;;TUTUP BIRU GOLD;1.00;pieces (pcs);
Luxury Fragrance 50ml Very Intense;Bubble Bath;Ring Spray Semipress;1.00;pieces (pcs);
;;ALKOHOL;18.00;millilitre (ml);
;;Oil Bath;32.00;millilitre (ml);
;;BOTOL BENING;1.00;pieces (pcs);
;;TUTUP PUTIH GOLD;1.00;pieces (pcs);
Luxury Fragrance 50ml Very Intense;Cloud Pink;BOTOL PINK MATTE;1.00;pieces (pcs);
;;Ring Spray Semipress;1.00;pieces (pcs);
;;ALKOHOL;18.00;millilitre (ml);
;;TUTUP PINK BLACK;1.00;pieces (pcs);
;;Oil Cloud;32.00;millilitre (ml);
Luxury Fragrance 50ml Very Intense;Coconut Passion;TUTUP BURGUNDY GOLD;1.00;pieces (pcs);
;;Oil Vsc;32.00;millilitre (ml);
;;Ring Spray Semipress;1.00;pieces (pcs);
;;ALKOHOL;18.00;millilitre (ml);
;;BOTOL BURGUNDY;1.00;pieces (pcs);
Luxury Fragrance 50ml Very Intense;Coffee Break;TUTUP BURGUNDY GOLD;1.00;pieces (pcs);
;;Ring Spray Semipress;1.00;pieces (pcs);
;;ALKOHOL;18.00;millilitre (ml);
;;BOTOL BURGUNDY;1.00;pieces (pcs);
;;Oil Break;32.00;millilitre (ml);
Luxury Fragrance 50ml Very Intense;Desire Blue;Ring Spray Semipress;1.00;pieces (pcs);
;;ALKOHOL;18.00;millilitre (ml);
;;BOTOL BIRU CLEAR;1.00;pieces (pcs);
;;TUTUP BIRU GOLD;1.00;pieces (pcs);
;;Oil Ddb;32.00;millilitre (ml);
Luxury Fragrance 50ml Very Intense;Eden Sparkling Lychee;BOTOL PINK MATTE;1.00;pieces (pcs);
;;Ring Spray Semipress;1.00;pieces (pcs);
;;ALKOHOL;18.00;millilitre (ml);
;;Oil Eden;32.00;millilitre (ml);
;;TUTUP PINK BLACK;1.00;pieces (pcs);
Luxury Fragrance 50ml Very Intense;Eros;Oil Eros;32.00;millilitre (ml);
;;Ring Spray Semipress;1.00;pieces (pcs);
;;ALKOHOL;18.00;millilitre (ml);
;;TUTUP COKLAT MUDA;1.00;pieces (pcs);
;;BOTOL COKLAT MUDA;1.00;pieces (pcs);
Luxury Fragrance 50ml Very Intense;Eros Flame;Ring Spray Semipress;1.00;pieces (pcs);
;;ALKOHOL;18.00;millilitre (ml);
;;TUTUP COKLAT MUDA;1.00;pieces (pcs);
;;BOTOL COKLAT MUDA;1.00;pieces (pcs);
;;Oil Erosf;32.00;millilitre (ml);
Luxury Fragrance 50ml Very Intense;Euphoria;Ring Spray Semipress;1.00;pieces (pcs);
;;ALKOHOL;18.00;millilitre (ml);
;;TUTUP GREEN GOLD;1.00;pieces (pcs);
;;BOTOL GREEN;1.00;pieces (pcs);
;;Oil Ria;32.00;millilitre (ml);
Luxury Fragrance 50ml Very Intense;Fame;TUTUP BURGUNDY GOLD;1.00;pieces (pcs);
;;Ring Spray Semipress;1.00;pieces (pcs);
;;ALKOHOL;18.00;millilitre (ml);
;;BOTOL BURGUNDY;1.00;pieces (pcs);
;;Oil Fame;32.00;millilitre (ml);
Luxury Fragrance 50ml Very Intense;Goddess;TUTUP BURGUNDY GOLD;1.00;pieces (pcs);
;;Ring Spray Semipress;1.00;pieces (pcs);
;;ALKOHOL;18.00;millilitre (ml);
;;BOTOL BURGUNDY;1.00;pieces (pcs);
;;Oil Des;32.00;millilitre (ml);
Luxury Fragrance 50ml Very Intense;Good Girl;Ring Spray Semipress;1.00;pieces (pcs);
;;ALKOHOL;18.00;millilitre (ml);
;;BOTOL MERAH;1.00;pieces (pcs);
;;TUTUP MERAH GOLD;1.00;pieces (pcs);
;;Oil Gg;32.00;millilitre (ml);
Luxury Fragrance 50ml Very Intense;Good Girl Blush;Ring Spray Semipress;1.00;pieces (pcs);
;;ALKOHOL;18.00;millilitre (ml);
;;TUTUP UNGU GOLD;1.00;pieces (pcs);
;;BOTOL UNGU;1.00;pieces (pcs);
;;Oil Ggb;32.00;millilitre (ml);
Luxury Fragrance 50ml Very Intense;Halowen Man X;TUTUP HITAM MATTE;1.00;pieces (pcs);
;;Ring Spray Semipress;1.00;pieces (pcs);
;;ALKOHOL;18.00;millilitre (ml);
;;Oil Manx;32.00;millilitre (ml);
;;BOTOL HITAM MATTE;1.00;pieces (pcs);
Luxury Fragrance 50ml Very Intense;Her;Ring Spray Semipress;1.00;pieces (pcs);
;;ALKOHOL;18.00;millilitre (ml);
;;Oil Her;32.00;millilitre (ml);
;;BOTOL DARK PINK;1.00;pieces (pcs);
;;TUTUP DARK PINK GOLD;1.00;pieces (pcs);
Luxury Fragrance 50ml Very Intense;Hero;Ring Spray Semipress;1.00;pieces (pcs);
;;ALKOHOL;18.00;millilitre (ml);
;;TUTUP COKLAT MUDA;1.00;pieces (pcs);
;;BOTOL COKLAT MUDA;1.00;pieces (pcs);
;;Oil Hero;32.00;millilitre (ml);
Luxury Fragrance 50ml Very Intense;Her Ultimate;Ring Spray Semipress;1.00;pieces (pcs);
;;ALKOHOL;18.00;millilitre (ml);
;;Oil Heru;32.00;millilitre (ml);
;;BOTOL DARK PINK;1.00;pieces (pcs);
;;TUTUP DARK PINK GOLD;1.00;pieces (pcs);
Luxury Fragrance 50ml Very Intense;Idole Nectar;Oil Idol;32.00;millilitre (ml);
;;Ring Spray Semipress;1.00;pieces (pcs);
;;ALKOHOL;18.00;millilitre (ml);
;;TUTUP UNGU GOLD;1.00;pieces (pcs);
;;BOTOL UNGU;1.00;pieces (pcs);
Luxury Fragrance 50ml Very Intense;La Vie Est Belle;TUTUP BURGUNDY GOLD;1.00;pieces (pcs);
;;Ring Spray Semipress;1.00;pieces (pcs);
;;ALKOHOL;18.00;millilitre (ml);
;;BOTOL BURGUNDY;1.00;pieces (pcs);
;;Oil Vie;32.00;millilitre (ml);
Luxury Fragrance 50ml Very Intense;Libre;Ring Spray Semipress;1.00;pieces (pcs);
;;ALKOHOL;18.00;millilitre (ml);
;;Oil Lib;32.00;millilitre (ml);
;;BOTOL BENING;1.00;pieces (pcs);
;;TUTUP PUTIH GOLD;1.00;pieces (pcs);
Luxury Fragrance 50ml Very Intense;Miss D;Ring Spray Semipress;1.00;pieces (pcs);
;;ALKOHOL;18.00;millilitre (ml);
;;BOTOL MERAH;1.00;pieces (pcs);
;;TUTUP MERAH GOLD;1.00;pieces (pcs);
;;Oil Miss;32.00;millilitre (ml);
Luxury Fragrance 50ml Very Intense;Myslf;TUTUP HITAM MATTE;1.00;pieces (pcs);
;;Ring Spray Semipress;1.00;pieces (pcs);
;;ALKOHOL;18.00;millilitre (ml);
;;Oil Msf;32.00;millilitre (ml);
;;BOTOL HITAM MATTE;1.00;pieces (pcs);
Luxury Fragrance 50ml Very Intense;My Way;Ring Spray Semipress;1.00;pieces (pcs);
;;ALKOHOL;18.00;millilitre (ml);
;;Oil Way;32.00;millilitre (ml);
;;BOTOL BENING;1.00;pieces (pcs);
;;TUTUP PUTIH GOLD;1.00;pieces (pcs);
Luxury Fragrance 50ml Very Intense;My Way Nectar;Ring Spray Semipress;1.00;pieces (pcs);
;;ALKOHOL;18.00;millilitre (ml);
;;Oil Nect;32.00;millilitre (ml);
;;BOTOL BENING;1.00;pieces (pcs);
;;TUTUP PUTIH GOLD;1.00;pieces (pcs);
Luxury Fragrance 50ml Very Intense;Noble;Ring Spray Semipress;1.00;pieces (pcs);
;;ALKOHOL;18.00;millilitre (ml);
;;TUTUP GREEN GOLD;1.00;pieces (pcs);
;;BOTOL GREEN;1.00;pieces (pcs);
;;Oil Noble;32.00;millilitre (ml);
Luxury Fragrance 50ml Very Intense;Omnia Amethyste;Ring Spray Semipress;1.00;pieces (pcs);
;;ALKOHOL;18.00;millilitre (ml);
;;Oil Boa;32.00;millilitre (ml);
;;TUTUP UNGU GOLD;1.00;pieces (pcs);
;;BOTOL UNGU;1.00;pieces (pcs);
Luxury Fragrance 50ml Very Intense;One Million Lucky;Ring Spray Semipress;1.00;pieces (pcs);
;;ALKOHOL;18.00;millilitre (ml);
;;TUTUP COKLAT MUDA;1.00;pieces (pcs);
;;BOTOL COKLAT MUDA;1.00;pieces (pcs);
;;Oil One;32.00;millilitre (ml);
Luxury Fragrance 50ml Very Intense;One Million Royal;Ring Spray Semipress;1.00;pieces (pcs);
;;ALKOHOL;18.00;millilitre (ml);
;;TUTUP COKLAT MUDA;1.00;pieces (pcs);
;;BOTOL COKLAT MUDA;1.00;pieces (pcs);
;;Oil Oner;32.00;millilitre (ml);
Luxury Fragrance 50ml Very Intense;Perfect;Ring Spray Semipress;1.00;pieces (pcs);
;;ALKOHOL;18.00;millilitre (ml);
;;Oil Mj;32.00;millilitre (ml);
;;TUTUP GREEN GOLD;1.00;pieces (pcs);
;;BOTOL GREEN;1.00;pieces (pcs);
Luxury Fragrance 50ml Very Intense;Santal 33;Ring Spray Semipress;1.00;pieces (pcs);
;;ALKOHOL;18.00;millilitre (ml);
;;BOTOL ABU ABU CLEAR;1.00;pieces (pcs);
;;TUTUP ABU ABU SILVER;1.00;pieces (pcs);
;;Oil Sant;32.00;millilitre (ml);
Luxury Fragrance 50ml Very Intense;Sauvage;Oil Svg;32.00;millilitre (ml);
;;Ring Spray Semipress;1.00;pieces (pcs);
;;ALKOHOL;18.00;millilitre (ml);
;;TUTUP COKLAT MUDA;1.00;pieces (pcs);
;;BOTOL COKLAT MUDA;1.00;pieces (pcs);
Luxury Fragrance 50ml Very Intense;Scandal;Ring Spray Semipress;1.00;pieces (pcs);
;;ALKOHOL;18.00;millilitre (ml);
;;BOTOL MERAH;1.00;pieces (pcs);
;;TUTUP MERAH GOLD;1.00;pieces (pcs);
;;Oil Jps;32.00;millilitre (ml);
Luxury Fragrance 50ml Very Intense;Scandal Men;TUTUP HITAM MATTE;1.00;pieces (pcs);
;;Ring Spray Semipress;1.00;pieces (pcs);
;;Oil Jpm;32.00;millilitre (ml);
;;ALKOHOL;18.00;millilitre (ml);
;;BOTOL HITAM MATTE;1.00;pieces (pcs);
Luxury Fragrance 50ml Very Intense;Scandalous;Ring Spray Semipress;1.00;pieces (pcs);
;;ALKOHOL;18.00;millilitre (ml);
;;Oil Scn;32.00;millilitre (ml);
;;BOTOL MERAH;1.00;pieces (pcs);
;;TUTUP MERAH GOLD;1.00;pieces (pcs);
Luxury Fragrance 50ml Very Intense;Scarlet Poppy;BOTOL PINK MATTE;1.00;pieces (pcs);
;;Ring Spray Semipress;1.00;pieces (pcs);
;;ALKOHOL;18.00;millilitre (ml);
;;Oil Popy;32.00;millilitre (ml);
;;TUTUP PINK BLACK;1.00;pieces (pcs);
Luxury Fragrance 50ml Very Intense;Si Fiori;Oil Sif;32.00;millilitre (ml);
;;TUTUP BURGUNDY GOLD;1.00;pieces (pcs);
;;Ring Spray Semipress;1.00;pieces (pcs);
;;ALKOHOL;18.00;millilitre (ml);
;;BOTOL BURGUNDY;1.00;pieces (pcs);
Luxury Fragrance 50ml Very Intense;The Most Wanted;TUTUP HITAM MATTE;1.00;pieces (pcs);
;;Oil Want;32.00;millilitre (ml);
;;Ring Spray Semipress;1.00;pieces (pcs);
;;ALKOHOL;18.00;millilitre (ml);
;;BOTOL HITAM MATTE;1.00;pieces (pcs);
Luxury Fragrance 50ml Very Intense;Vanilla Candy Rock Sugar;Oil Rock;32.00;millilitre (ml);
;;TUTUP BURGUNDY GOLD;1.00;pieces (pcs);
;;Ring Spray Semipress;1.00;pieces (pcs);
;;ALKOHOL;18.00;millilitre (ml);
;;BOTOL BURGUNDY;1.00;pieces (pcs);
Luxury Fragrance 50ml Very Intense;Vanilla Rose;Ring Spray Semipress;1.00;pieces (pcs);
;;ALKOHOL;18.00;millilitre (ml);
;;BOTOL MERAH;1.00;pieces (pcs);
;;TUTUP MERAH GOLD;1.00;pieces (pcs);
;;Oil Mvr;32.00;millilitre (ml);
Luxury Fragrance 50ml Very Intense;White Musk;Ring Spray Semipress;1.00;pieces (pcs);
;;ALKOHOL;18.00;millilitre (ml);
;;BOTOL BENING;1.00;pieces (pcs);
;;TUTUP PUTIH GOLD;1.00;pieces (pcs);
;;Oil Musk;32.00;millilitre (ml);
Luxury Fragrance 50ml Very Intense;Wood Sage & Sea Salt;Oil Jmw;32.00;millilitre (ml);
;;Ring Spray Semipress;1.00;pieces (pcs);
;;ALKOHOL;18.00;millilitre (ml);
;;BOTOL BIRU CLEAR;1.00;pieces (pcs);
;;TUTUP BIRU GOLD;1.00;pieces (pcs);
Luxury Fragrance 50ml Very Intense;Y;Ring Spray Semipress;1.00;pieces (pcs);
;;ALKOHOL;18.00;millilitre (ml);
;;Oil Y;32.00;millilitre (ml);
;;BOTOL BIRU CLEAR;1.00;pieces (pcs);
;;TUTUP BIRU GOLD;1.00;pieces (pcs);
Luxury Fragrance Travel Size;Her;P10 HER;1.00;pieces (pcs);
Luxury Fragrance Travel Size;One Million Lucky;P10 ONE;1.00;pieces (pcs);
Luxury Fragrance Travel Size;Santal 33;P10 SANT;1.00;pieces (pcs);
Luxury Fragrance Travel Size;Scandalous;P10 SCN;1.00;pieces (pcs);
Luxury Fragrance Travel Size;Si Fiori;P10 SIF;1.00;pieces (pcs);
Member Card;Gold;MEMBERCARD GOLD;1.00;pieces (pcs);
Member Card;White;MEMBERCARD WHITE;1.00;pieces (pcs);
Niche Signature;Alexandria II;ALKOHOL;50.00;millilitre (ml);
;;SPRAY NICHE;1.00;pieces (pcs);
;;TUTUP RING NICHE RUSA;1.00;pieces (pcs);
;;BOTOL NICHE BENING;1.00;pieces (pcs);
;;BOX NICHE RUSA;1.00;pieces (pcs);
;;Oil Alex;50.00;millilitre (ml);
Niche Signature;Ani X;ALKOHOL;50.00;millilitre (ml);
;;Oil Ani;50.00;millilitre (ml);
;;SPRAY NICHE;1.00;pieces (pcs);
;;TUTUP RING NICHE RUSA;1.00;pieces (pcs);
;;BOTOL NICHE BENING;1.00;pieces (pcs);
;;BOX NICHE RUSA;1.00;pieces (pcs);
Niche Signature;Cedrat Boise;ALKOHOL;50.00;millilitre (ml);
;;SPRAY NICHE;1.00;pieces (pcs);
;;TUTUP RING NICHE RUSA;1.00;pieces (pcs);
;;BOTOL NICHE BENING;1.00;pieces (pcs);
;;BOX NICHE RUSA;1.00;pieces (pcs);
;;Oil Boise;50.00;millilitre (ml);
Niche Signature;Gris Charnel;ALKOHOL;50.00;millilitre (ml);
;;SPRAY NICHE;1.00;pieces (pcs);
;;TUTUP RING NICHE RUSA;1.00;pieces (pcs);
;;BOTOL NICHE BENING;1.00;pieces (pcs);
;;BOX NICHE RUSA;1.00;pieces (pcs);
;;Oil Gris;50.00;millilitre (ml);
Niche Signature;Instant Crush;ALKOHOL;50.00;millilitre (ml);
;;SPRAY NICHE;1.00;pieces (pcs);
;;TUTUP RING NICHE RUSA;1.00;pieces (pcs);
;;BOTOL NICHE BENING;1.00;pieces (pcs);
;;BOX NICHE RUSA;1.00;pieces (pcs);
;;Oil Instant;50.00;millilitre (ml);
Niche Signature;Kirke;ALKOHOL;50.00;millilitre (ml);
;;SPRAY NICHE;1.00;pieces (pcs);
;;TUTUP RING NICHE RUSA;1.00;pieces (pcs);
;;BOTOL NICHE BENING;1.00;pieces (pcs);
;;BOX NICHE RUSA;1.00;pieces (pcs);
;;Oil Kirke;50.00;millilitre (ml);
Niche Signature;Layton;ALKOHOL;50.00;millilitre (ml);
;;SPRAY NICHE;1.00;pieces (pcs);
;;TUTUP RING NICHE RUSA;1.00;pieces (pcs);
;;BOTOL NICHE BENING;1.00;pieces (pcs);
;;BOX NICHE RUSA;1.00;pieces (pcs);
;;Oil Layton;50.00;millilitre (ml);
Niche Signature;Lost Cherry;ALKOHOL;50.00;millilitre (ml);
;;SPRAY NICHE;1.00;pieces (pcs);
;;TUTUP RING NICHE RUSA;1.00;pieces (pcs);
;;BOTOL NICHE BENING;1.00;pieces (pcs);
;;BOX NICHE RUSA;1.00;pieces (pcs);
;;Oil Cherry;50.00;millilitre (ml);
Niche Signature;Marfa;ALKOHOL;50.00;millilitre (ml);
;;SPRAY NICHE;1.00;pieces (pcs);
;;TUTUP RING NICHE RUSA;1.00;pieces (pcs);
;;BOTOL NICHE BENING;1.00;pieces (pcs);
;;BOX NICHE RUSA;1.00;pieces (pcs);
;;Oil Marfa;50.00;millilitre (ml);
Niche Signature;Narcotic Delight;ALKOHOL;50.00;millilitre (ml);
;;SPRAY NICHE;1.00;pieces (pcs);
;;TUTUP RING NICHE RUSA;1.00;pieces (pcs);
;;BOTOL NICHE BENING;1.00;pieces (pcs);
;;Oil Narc;50.00;millilitre (ml);
;;BOX NICHE RUSA;1.00;pieces (pcs);
Niche Signature;Side Effect;ALKOHOL;50.00;millilitre (ml);
;;SPRAY NICHE;1.00;pieces (pcs);
;;TUTUP RING NICHE RUSA;1.00;pieces (pcs);
;;BOTOL NICHE BENING;1.00;pieces (pcs);
;;BOX NICHE RUSA;1.00;pieces (pcs);
;;Oil Side;50.00;millilitre (ml);
Niche Signature;Wild Candy;ALKOHOL;50.00;millilitre (ml);
;;SPRAY NICHE;1.00;pieces (pcs);
;;TUTUP RING NICHE RUSA;1.00;pieces (pcs);
;;BOTOL NICHE BENING;1.00;pieces (pcs);
;;BOX NICHE RUSA;1.00;pieces (pcs);
;;Oil Candy;50.00;millilitre (ml);
P50 Selected Varian;Black Opium Over Red;TUTUP BURGUNDY GOLD;1.00;pieces (pcs);
;;Ring Spray Semipress;1.00;pieces (pcs);
;;ALKOHOL;32.00;millilitre (ml);
;;BOTOL BURGUNDY;1.00;pieces (pcs);
;;Oil Bopr;18.00;millilitre (ml);
P50 Selected Varian;Blue Emotion;Ring Spray Semipress;1.00;pieces (pcs);
;;ALKOHOL;32.00;millilitre (ml);
;;Oil Abe;18.00;millilitre (ml);
;;BOTOL BIRU CLEAR;1.00;pieces (pcs);
;;TUTUP BIRU GOLD;1.00;pieces (pcs);
P50 Selected Varian;Born In Roma;Ring Spray Semipress;1.00;pieces (pcs);
;;ALKOHOL;32.00;millilitre (ml);
;;Oil Bir;18.00;millilitre (ml);
;;BOTOL BIRU CLEAR;1.00;pieces (pcs);
;;TUTUP BIRU GOLD;1.00;pieces (pcs);
P50 Selected Varian;Cloud Pink;BOTOL PINK MATTE;1.00;pieces (pcs);
;;Ring Spray Semipress;1.00;pieces (pcs);
;;ALKOHOL;32.00;millilitre (ml);
;;TUTUP PINK BLACK;1.00;pieces (pcs);
;;Oil Cloud;18.00;millilitre (ml);
P50 Selected Varian;Coffee Break;TUTUP BURGUNDY GOLD;1.00;pieces (pcs);
;;Ring Spray Semipress;1.00;pieces (pcs);
;;ALKOHOL;32.00;millilitre (ml);
;;BOTOL BURGUNDY;1.00;pieces (pcs);
;;Oil Break;18.00;millilitre (ml);
P50 Selected Varian;Eden Sparkling Lychee;BOTOL PINK MATTE;1.00;pieces (pcs);
;;Ring Spray Semipress;1.00;pieces (pcs);
;;ALKOHOL;32.00;millilitre (ml);
;;Oil Eden;18.00;millilitre (ml);
;;TUTUP PINK BLACK;1.00;pieces (pcs);
P50 Selected Varian;Goddess;TUTUP BURGUNDY GOLD;1.00;pieces (pcs);
;;Ring Spray Semipress;1.00;pieces (pcs);
;;ALKOHOL;32.00;millilitre (ml);
;;BOTOL BURGUNDY;1.00;pieces (pcs);
;;Oil Des;18.00;millilitre (ml);
P50 Selected Varian;Good Girl;Ring Spray Semipress;1.00;pieces (pcs);
;;ALKOHOL;32.00;millilitre (ml);
;;BOTOL MERAH;1.00;pieces (pcs);
;;TUTUP MERAH GOLD;1.00;pieces (pcs);
;;Oil Gg;18.00;millilitre (ml);
P50 Selected Varian;Good Girl Blush;Ring Spray Semipress;1.00;pieces (pcs);
;;ALKOHOL;32.00;millilitre (ml);
;;TUTUP UNGU GOLD;1.00;pieces (pcs);
;;BOTOL UNGU;1.00;pieces (pcs);
;;Oil Ggb;18.00;millilitre (ml);
P50 Selected Varian;Omnia Amethyste;Ring Spray Semipress;1.00;pieces (pcs);
;;ALKOHOL;32.00;millilitre (ml);
;;Oil Boa;18.00;millilitre (ml);
;;TUTUP UNGU GOLD;1.00;pieces (pcs);
;;BOTOL UNGU;1.00;pieces (pcs);
P50 Selected Varian;Vanilla Candy Rock Sugar;Oil Rock;18.00;millilitre (ml);
;;TUTUP BURGUNDY GOLD;1.00;pieces (pcs);
;;Ring Spray Semipress;1.00;pieces (pcs);
;;ALKOHOL;32.00;millilitre (ml);
;;BOTOL BURGUNDY;1.00;pieces (pcs);
P50 Selected Varian;Wood Sage & Sea Salt;Oil Jmw;18.00;millilitre (ml);
;;Ring Spray Semipress;1.00;pieces (pcs);
;;ALKOHOL;32.00;millilitre (ml);
;;BOTOL BIRU CLEAR;1.00;pieces (pcs);
;;TUTUP BIRU GOLD;1.00;pieces (pcs);
Paperbag;M;PAPERBAG M;1.00;pieces (pcs);
Paperbag;M (Free);PAPERBAG M;1.00;pieces (pcs);
Paperbag;S;PAPERBAG S;1.00;pieces (pcs);
Paperbag;S (Free);PAPERBAG S;1.00;pieces (pcs);
Pengharum Mobil;Goddess Of Heaven;GDOH PM;1.00;pieces (pcs);
Pengharum Mobil;God Of Heaven;GOH PM;1.00;pieces (pcs);
Room Spray 100ml;Goddess Of Heaven;GDOH RS100;1.00;pieces (pcs);
Room Spray 100ml;God Of Heaven;GOH RS100;1.00;pieces (pcs);
Travel Perfume;Baccarat Rouge 540;Oil Bro;5.00;millilitre (ml);
;;ALKOHOL;5.00;millilitre (ml);
;;Atomizer;1.00;pieces (pcs);
;;Spray Refill Atomizer;1.00;pieces (pcs);
Travel Perfume;Black Opium;ALKOHOL;5.00;millilitre (ml);
;;Oil Bop;5.00;millilitre (ml);
;;Atomizer;1.00;pieces (pcs);
;;Spray Refill Atomizer;1.00;pieces (pcs);
Travel Perfume;Black Opium Men;ALKOHOL;5.00;millilitre (ml);
;;Oil Bom;5.00;millilitre (ml);
;;Atomizer;1.00;pieces (pcs);
;;Spray Refill Atomizer;1.00;pieces (pcs);
Travel Perfume;Black Opium Over Red ;ALKOHOL;5.00;millilitre (ml);
;;Oil Bopr;5.00;millilitre (ml);
;;Atomizer;1.00;pieces (pcs);
;;Spray Refill Atomizer;1.00;pieces (pcs);
Travel Perfume;Bleu De;ALKOHOL;5.00;millilitre (ml);
;;Oil Bleu;5.00;millilitre (ml);
;;Atomizer;1.00;pieces (pcs);
;;Spray Refill Atomizer;1.00;pieces (pcs);
Travel Perfume;Bloom ;ALKOHOL;5.00;millilitre (ml);
;;Oil Bloom;5.00;millilitre (ml);
;;Atomizer;1.00;pieces (pcs);
;;Spray Refill Atomizer;1.00;pieces (pcs);
Travel Perfume;Blooming Bouquet;ALKOHOL;5.00;millilitre (ml);
;;Oil Bouq;5.00;millilitre (ml);
;;Atomizer;1.00;pieces (pcs);
;;Spray Refill Atomizer;1.00;pieces (pcs);
Travel Perfume;Blue Emotion;ALKOHOL;5.00;millilitre (ml);
;;Oil Abe;5.00;millilitre (ml);
;;Atomizer;1.00;pieces (pcs);
;;Spray Refill Atomizer;1.00;pieces (pcs);
Travel Perfume;Blue Seduction;ALKOHOL;5.00;millilitre (ml);
;;Atomizer;1.00;pieces (pcs);
;;Spray Refill Atomizer;1.00;pieces (pcs);
;;Oil Bs;5.00;millilitre (ml);
Travel Perfume;Bombshell;Oil Vb;5.00;millilitre (ml);
;;ALKOHOL;5.00;millilitre (ml);
;;Atomizer;1.00;pieces (pcs);
;;Spray Refill Atomizer;1.00;pieces (pcs);
Travel Perfume;Bombshell Escape;ALKOHOL;5.00;millilitre (ml);
;;Oil Vbs;5.00;millilitre (ml);
;;Atomizer;1.00;pieces (pcs);
;;Spray Refill Atomizer;1.00;pieces (pcs);
Travel Perfume;Born In Roma;ALKOHOL;5.00;millilitre (ml);
;;Oil Bir;5.00;millilitre (ml);
;;Atomizer;1.00;pieces (pcs);
;;Spray Refill Atomizer;1.00;pieces (pcs);
Travel Perfume;Bubble Bath;ALKOHOL;5.00;millilitre (ml);
;;Oil Bath;5.00;millilitre (ml);
;;Atomizer;1.00;pieces (pcs);
;;Spray Refill Atomizer;1.00;pieces (pcs);
Travel Perfume;Cloud Pink ;ALKOHOL;5.00;millilitre (ml);
;;Atomizer;1.00;pieces (pcs);
;;Spray Refill Atomizer;1.00;pieces (pcs);
;;Oil Cloud;5.00;millilitre (ml);
Travel Perfume;Coconut Passion;Oil Vsc;5.00;millilitre (ml);
;;ALKOHOL;5.00;millilitre (ml);
;;Atomizer;1.00;pieces (pcs);
;;Spray Refill Atomizer;1.00;pieces (pcs);
Travel Perfume;Coffee Break;ALKOHOL;5.00;millilitre (ml);
;;Oil Break;5.00;millilitre (ml);
;;Atomizer;1.00;pieces (pcs);
;;Spray Refill Atomizer;1.00;pieces (pcs);
Travel Perfume;Desire Blue;ALKOHOL;5.00;millilitre (ml);
;;Atomizer;1.00;pieces (pcs);
;;Spray Refill Atomizer;1.00;pieces (pcs);
;;Oil Ddb;5.00;millilitre (ml);
Travel Perfume;Eden Sparkling Lychee;ALKOHOL;5.00;millilitre (ml);
;;Oil Eden;5.00;millilitre (ml);
;;Atomizer;1.00;pieces (pcs);
;;Spray Refill Atomizer;1.00;pieces (pcs);
Travel Perfume;Eros;Oil Eros;5.00;millilitre (ml);
;;ALKOHOL;5.00;millilitre (ml);
;;Atomizer;1.00;pieces (pcs);
;;Spray Refill Atomizer;1.00;pieces (pcs);
Travel Perfume;Eros Flame;ALKOHOL;5.00;millilitre (ml);
;;Atomizer;1.00;pieces (pcs);
;;Spray Refill Atomizer;1.00;pieces (pcs);
;;Oil Erosf;5.00;millilitre (ml);
Travel Perfume;Euphoria;ALKOHOL;5.00;millilitre (ml);
;;Atomizer;1.00;pieces (pcs);
;;Spray Refill Atomizer;1.00;pieces (pcs);
;;Oil Ria;5.00;millilitre (ml);
Travel Perfume;Fame;ALKOHOL;5.00;millilitre (ml);
;;Atomizer;1.00;pieces (pcs);
;;Spray Refill Atomizer;1.00;pieces (pcs);
;;Oil Fame;5.00;millilitre (ml);
Travel Perfume;Goddess;ALKOHOL;5.00;millilitre (ml);
;;Atomizer;1.00;pieces (pcs);
;;Spray Refill Atomizer;1.00;pieces (pcs);
;;Oil Des;5.00;millilitre (ml);
Travel Perfume;Good Girl;ALKOHOL;5.00;millilitre (ml);
;;Atomizer;1.00;pieces (pcs);
;;Spray Refill Atomizer;1.00;pieces (pcs);
;;Oil Gg;5.00;millilitre (ml);
Travel Perfume;Good Girl Blush;ALKOHOL;5.00;millilitre (ml);
;;Atomizer;1.00;pieces (pcs);
;;Spray Refill Atomizer;1.00;pieces (pcs);
;;Oil Ggb;5.00;millilitre (ml);
Travel Perfume;Halowen Man X;ALKOHOL;5.00;millilitre (ml);
;;Atomizer;1.00;pieces (pcs);
;;Spray Refill Atomizer;1.00;pieces (pcs);
;;Oil Manx;5.00;millilitre (ml);
Travel Perfume;Her;ALKOHOL;5.00;millilitre (ml);
;;Atomizer;1.00;pieces (pcs);
;;Spray Refill Atomizer;1.00;pieces (pcs);
;;Oil Her;5.00;millilitre (ml);
Travel Perfume;Hero;ALKOHOL;5.00;millilitre (ml);
;;Atomizer;1.00;pieces (pcs);
;;Spray Refill Atomizer;1.00;pieces (pcs);
;;Oil Hero;5.00;millilitre (ml);
Travel Perfume;Her Ultimate;ALKOHOL;5.00;millilitre (ml);
;;Oil Heru;5.00;millilitre (ml);
;;Atomizer;1.00;pieces (pcs);
;;Spray Refill Atomizer;1.00;pieces (pcs);
Travel Perfume;Idole Nectar ;Oil Idol;5.00;millilitre (ml);
;;ALKOHOL;5.00;millilitre (ml);
;;Atomizer;1.00;pieces (pcs);
;;Spray Refill Atomizer;1.00;pieces (pcs);
Travel Perfume;La Vie Est Belle;ALKOHOL;5.00;millilitre (ml);
;;Atomizer;1.00;pieces (pcs);
;;Spray Refill Atomizer;1.00;pieces (pcs);
;;Oil Vie;5.00;millilitre (ml);
Travel Perfume;Libre;ALKOHOL;5.00;millilitre (ml);
;;Oil Lib;5.00;millilitre (ml);
;;Atomizer;1.00;pieces (pcs);
;;Spray Refill Atomizer;1.00;pieces (pcs);
Travel Perfume;Miss D;ALKOHOL;5.00;millilitre (ml);
;;Atomizer;1.00;pieces (pcs);
;;Spray Refill Atomizer;1.00;pieces (pcs);
;;Oil Miss;5.00;millilitre (ml);
Travel Perfume;Myslf;ALKOHOL;5.00;millilitre (ml);
;;Oil Msf;5.00;millilitre (ml);
;;Atomizer;1.00;pieces (pcs);
;;Spray Refill Atomizer;1.00;pieces (pcs);
Travel Perfume;My Way;ALKOHOL;5.00;millilitre (ml);
;;Atomizer;1.00;pieces (pcs);
;;Spray Refill Atomizer;1.00;pieces (pcs);
;;Oil Way;5.00;millilitre (ml);
Travel Perfume;My Way Nectar;ALKOHOL;5.00;millilitre (ml);
;;Oil Nect;5.00;millilitre (ml);
;;Atomizer;1.00;pieces (pcs);
;;Spray Refill Atomizer;1.00;pieces (pcs);
Travel Perfume;Noble;ALKOHOL;5.00;millilitre (ml);
;;Atomizer;1.00;pieces (pcs);
;;Spray Refill Atomizer;1.00;pieces (pcs);
;;Oil Noble;5.00;millilitre (ml);
Travel Perfume;Omnia Amethyste;ALKOHOL;5.00;millilitre (ml);
;;Oil Boa;5.00;millilitre (ml);
;;Atomizer;1.00;pieces (pcs);
;;Spray Refill Atomizer;1.00;pieces (pcs);
Travel Perfume;One Million Lucky;ALKOHOL;5.00;millilitre (ml);
;;Atomizer;1.00;pieces (pcs);
;;Spray Refill Atomizer;1.00;pieces (pcs);
;;Oil One;5.00;millilitre (ml);
Travel Perfume;One Million Royal;ALKOHOL;5.00;millilitre (ml);
;;Atomizer;1.00;pieces (pcs);
;;Spray Refill Atomizer;1.00;pieces (pcs);
;;Oil Oner;5.00;millilitre (ml);
Travel Perfume;Perfect;ALKOHOL;5.00;millilitre (ml);
;;Oil Mj;5.00;millilitre (ml);
;;Atomizer;1.00;pieces (pcs);
;;Spray Refill Atomizer;1.00;pieces (pcs);
Travel Perfume;Santal 33;ALKOHOL;5.00;millilitre (ml);
;;Atomizer;1.00;pieces (pcs);
;;Spray Refill Atomizer;1.00;pieces (pcs);
;;Oil Sant;5.00;millilitre (ml);
Travel Perfume;Sauvage;Oil Svg;5.00;millilitre (ml);
;;ALKOHOL;5.00;millilitre (ml);
;;Atomizer;1.00;pieces (pcs);
;;Spray Refill Atomizer;1.00;pieces (pcs);
Travel Perfume;Scandal;ALKOHOL;5.00;millilitre (ml);
;;Atomizer;1.00;pieces (pcs);
;;Spray Refill Atomizer;1.00;pieces (pcs);
;;Oil Jps;5.00;millilitre (ml);
Travel Perfume;Scandal Men;Oil Jpm;5.00;millilitre (ml);
;;ALKOHOL;5.00;millilitre (ml);
;;Atomizer;1.00;pieces (pcs);
;;Spray Refill Atomizer;1.00;pieces (pcs);
Travel Perfume;Scandalous;ALKOHOL;5.00;millilitre (ml);
;;Atomizer;1.00;pieces (pcs);
;;Spray Refill Atomizer;1.00;pieces (pcs);
;;Oil Scn;5.00;millilitre (ml);
Travel Perfume;Scarlet Poppy;ALKOHOL;5.00;millilitre (ml);
;;Oil Popy;5.00;millilitre (ml);
;;Atomizer;1.00;pieces (pcs);
;;Spray Refill Atomizer;1.00;pieces (pcs);
Travel Perfume;Si Fiori;Oil Sif;5.00;millilitre (ml);
;;ALKOHOL;5.00;millilitre (ml);
;;Atomizer;1.00;pieces (pcs);
;;Spray Refill Atomizer;1.00;pieces (pcs);
Travel Perfume;The Most Wanted;Oil Want;5.00;millilitre (ml);
;;ALKOHOL;5.00;millilitre (ml);
;;Atomizer;1.00;pieces (pcs);
;;Spray Refill Atomizer;1.00;pieces (pcs);
Travel Perfume;Vanilla Candy Rock Sugar;Oil Rock;5.00;millilitre (ml);
;;ALKOHOL;5.00;millilitre (ml);
;;Atomizer;1.00;pieces (pcs);
;;Spray Refill Atomizer;1.00;pieces (pcs);
Travel Perfume;Vanilla Rose;ALKOHOL;5.00;millilitre (ml);
;;Atomizer;1.00;pieces (pcs);
;;Spray Refill Atomizer;1.00;pieces (pcs);
;;Oil Mvr;5.00;millilitre (ml);
Travel Perfume;White Musk;ALKOHOL;5.00;millilitre (ml);
;;Atomizer;1.00;pieces (pcs);
;;Spray Refill Atomizer;1.00;pieces (pcs);
;;Oil Musk;5.00;millilitre (ml);
Travel Perfume;Wood Sage & Sea Salt;Oil Jmw;5.00;millilitre (ml);
;;ALKOHOL;5.00;millilitre (ml);
;;Atomizer;1.00;pieces (pcs);
;;Spray Refill Atomizer;1.00;pieces (pcs);
Travel Perfume;Y;ALKOHOL;5.00;millilitre (ml);
;;Oil Y;5.00;millilitre (ml);
;;Atomizer;1.00;pieces (pcs);
;;Spray Refill Atomizer;1.00;pieces (pcs);
